"stock_id","stock_base","category","region","source","name","type_data","scenario","r_method","bk_method","yr","nyr","start.yr","int.yr","end.yr","ucl.B.Bmsy","lcl.B.Bmsy","B.Bmsy","ucl.F.Fmsy","lcl.F.Fmsy","F.Fmsy"
"Exemplo_curso_Alvo_do_exemplo_Media_resiliencia","Exemplo_curso","Exemplo_curso","Exemplo didatico","Curso de Avaliacao de Estoques","Exemplo do curso","simulado","Alvo_do_exemplo_Media_resiliencia","Media_resiliencia","Alvo_do_exemplo",1950,31,1950,1975,1980,1.94971198485583,1.6473302954158,1.82859243197496,0.0712516124216207,0.0292261009338256,0.0469555196863381
"Exemplo_curso_Alvo_do_exemplo_Media_resiliencia","Exemplo_curso","Exemplo_curso","Exemplo didatico","Curso de Avaliacao de Estoques","Exemplo do curso","simulado","Alvo_do_exemplo_Media_resiliencia","Media_resiliencia","Alvo_do_exemplo",1951,31,1950,1975,1980,2.09123560016394,1.54267729500654,1.83686441942474,0.0910258670378679,0.0366706620575137,0.0584078929381416
"Exemplo_curso_Alvo_do_exemplo_Media_resiliencia","Exemplo_curso","Exemplo_curso","Exemplo didatico","Curso de Avaliacao de Estoques","Exemplo do curso","simulado","Alvo_do_exemplo_Media_resiliencia","Media_resiliencia","Alvo_do_exemplo",1952,31,1950,1975,1980,2.11981506244718,1.48845484755253,1.84177902426937,0.123906011387692,0.0485756067674197,0.078983020501612
"Exemplo_curso_Alvo_do_exemplo_Media_resiliencia","Exemplo_curso","Exemplo_curso","Exemplo didatico","Curso de Avaliacao de Estoques","Exemplo do curso","simulado","Alvo_do_exemplo_Media_resiliencia","Media_resiliencia","Alvo_do_exemplo",1953,31,1950,1975,1980,2.12666864772517,1.44876934055746,1.84307845679091,0.169562103652026,0.0670115211222852,0.108596751445902
"Exemplo_curso_Alvo_do_exemplo_Media_resiliencia","Exemplo_curso","Exemplo_curso","Exemplo didatico","Curso de Avaliacao de Estoques","Exemplo do curso","simulado","Alvo_do_exemplo_Media_resiliencia","Media_resiliencia","Alvo_do_exemplo",1954,31,1950,1975,1980,2.13202607644321,1.41440317571415,1.83477300847766,0.227044846866267,0.0884810110701705,0.143854038598494
"Exemplo_curso_Alvo_do_exemplo_Media_resiliencia","Exemplo_curso","Exemplo_curso","Exemplo didatico","Curso de Avaliacao de Estoques","Exemplo do curso","simulado","Alvo_do_exemplo_Media_resiliencia","Media_resiliencia","Alvo_do_exemplo",1955,31,1950,1975,1980,2.11974120479368,1.38966606992453,1.81540658698355,0.292040024383358,0.116201404557256,0.186999863991899
"Exemplo_curso_Alvo_do_exemplo_Media_resiliencia","Exemplo_curso","Exemplo_curso","Exemplo didatico","Curso de Avaliacao de Estoques","Exemplo do curso","simulado","Alvo_do_exemplo_Media_resiliencia","Media_resiliencia","Alvo_do_exemplo",1956,31,1950,1975,1980,2.11201125346909,1.37142647017441,1.80468848080333,0.383578770258141,0.147975027997704,0.245547406983477
"Exemplo_curso_Alvo_do_exemplo_Media_resiliencia","Exemplo_curso","Exemplo_curso","Exemplo didatico","Curso de Avaliacao de Estoques","Exemplo do curso","simulado","Alvo_do_exemplo_Media_resiliencia","Media_resiliencia","Alvo_do_exemplo",1957,31,1950,1975,1980,2.09365760960595,1.34409058867272,1.77333265856917,0.512612822930508,0.198426911124827,0.323408950730985
"Exemplo_curso_Alvo_do_exemplo_Media_resiliencia","Exemplo_curso","Exemplo_curso","Exemplo didatico","Curso de Avaliacao de Estoques","Exemplo do curso","simulado","Alvo_do_exemplo_Media_resiliencia","Media_resiliencia","Alvo_do_exemplo",1958,31,1950,1975,1980,2.0712025664806,1.30552455898422,1.72966890877256,0.699590302848845,0.263245377925156,0.43663942093616
"Exemplo_curso_Alvo_do_exemplo_Media_resiliencia","Exemplo_curso","Exemplo_curso","Exemplo didatico","Curso de Avaliacao de Estoques","Exemplo do curso","simulado","Alvo_do_exemplo_Media_resiliencia","Media_resiliencia","Alvo_do_exemplo",1959,31,1950,1975,1980,2.04404249080502,1.2374759823668,1.66738597897771,0.96277085355812,0.357647999410667,0.60641940307558
"Exemplo_curso_Alvo_do_exemplo_Media_resiliencia","Exemplo_curso","Exemplo_curso","Exemplo didatico","Curso de Avaliacao de Estoques","Exemplo do curso","simulado","Alvo_do_exemplo_Media_resiliencia","Media_resiliencia","Alvo_do_exemplo",1960,31,1950,1975,1980,1.99454985448746,1.17634540579779,1.59059067893288,1.32753223852439,0.477692421351621,0.827474891728434
"Exemplo_curso_Alvo_do_exemplo_Media_resiliencia","Exemplo_curso","Exemplo_curso","Exemplo didatico","Curso de Avaliacao de Estoques","Exemplo do curso","simulado","Alvo_do_exemplo_Media_resiliencia","Media_resiliencia","Alvo_do_exemplo",1961,31,1950,1975,1980,1.89417343814933,1.08411159260567,1.48339624035226,1.66021355383217,0.586697597634231,1.01272175523415
"Exemplo_curso_Alvo_do_exemplo_Media_resiliencia","Exemplo_curso","Exemplo_curso","Exemplo didatico","Curso de Avaliacao de Estoques","Exemplo do curso","simulado","Alvo_do_exemplo_Media_resiliencia","Media_resiliencia","Alvo_do_exemplo",1962,31,1950,1975,1980,1.80298434513469,0.97428857744293,1.36623508790788,1.65427420725851,0.550013082534405,1.00339798554772
"Exemplo_curso_Alvo_do_exemplo_Media_resiliencia","Exemplo_curso","Exemplo_curso","Exemplo didatico","Curso de Avaliacao de Estoques","Exemplo do curso","simulado","Alvo_do_exemplo_Media_resiliencia","Media_resiliencia","Alvo_do_exemplo",1963,31,1950,1975,1980,1.74681316517893,0.888704088042807,1.27989229225315,1.16621613624587,0.375098789464029,0.701959831001162
"Exemplo_curso_Alvo_do_exemplo_Media_resiliencia","Exemplo_curso","Exemplo_curso","Exemplo didatico","Curso de Avaliacao de Estoques","Exemplo do curso","simulado","Alvo_do_exemplo_Media_resiliencia","Media_resiliencia","Alvo_do_exemplo",1964,31,1950,1975,1980,1.73172370917719,0.881191307456436,1.26362682587694,0.665519028365693,0.2043115584937,0.387516000032233
"Exemplo_curso_Alvo_do_exemplo_Media_resiliencia","Exemplo_curso","Exemplo_curso","Exemplo didatico","Curso de Avaliacao de Estoques","Exemplo do curso","simulado","Alvo_do_exemplo_Media_resiliencia","Media_resiliencia","Alvo_do_exemplo",1965,31,1950,1975,1980,1.74721688392732,0.886926265336356,1.29230204002948,0.42794511495796,0.135047321831943,0.252447650261029
"Exemplo_curso_Alvo_do_exemplo_Media_resiliencia","Exemplo_curso","Exemplo_curso","Exemplo didatico","Curso de Avaliacao de Estoques","Exemplo do curso","simulado","Alvo_do_exemplo_Media_resiliencia","Media_resiliencia","Alvo_do_exemplo",1966,31,1950,1975,1980,1.77698490842078,0.925642284268387,1.33752011673078,0.344715162142062,0.112157574385184,0.207432932528603
"Exemplo_curso_Alvo_do_exemplo_Media_resiliencia","Exemplo_curso","Exemplo_curso","Exemplo didatico","Curso de Avaliacao de Estoques","Exemplo do curso","simulado","Alvo_do_exemplo_Media_resiliencia","Media_resiliencia","Alvo_do_exemplo",1967,31,1950,1975,1980,1.80541506291568,0.96282178208743,1.37974965901129,0.313666157666127,0.105381540732969,0.188681528499694
"Exemplo_curso_Alvo_do_exemplo_Media_resiliencia","Exemplo_curso","Exemplo_curso","Exemplo didatico","Curso de Avaliacao de Estoques","Exemplo do curso","simulado","Alvo_do_exemplo_Media_resiliencia","Media_resiliencia","Alvo_do_exemplo",1968,31,1950,1975,1980,1.81767560420612,0.981050749991467,1.41238863265882,0.441913658603804,0.150741852107921,0.266753132735713
"Exemplo_curso_Alvo_do_exemplo_Media_resiliencia","Exemplo_curso","Exemplo_curso","Exemplo didatico","Curso de Avaliacao de Estoques","Exemplo do curso","simulado","Alvo_do_exemplo_Media_resiliencia","Media_resiliencia","Alvo_do_exemplo",1969,31,1950,1975,1980,1.83024655227934,1.00476508753218,1.42071454410854,0.834085751984869,0.295124852390775,0.51465184809311
"Exemplo_curso_Alvo_do_exemplo_Media_resiliencia","Exemplo_curso","Exemplo_curso","Exemplo didatico","Curso de Avaliacao de Estoques","Exemplo do curso","simulado","Alvo_do_exemplo_Media_resiliencia","Media_resiliencia","Alvo_do_exemplo",1970,31,1950,1975,1980,1.7537702949009,0.989153882897954,1.38273858819572,1.46711916163906,0.547917358154679,0.927789351750601
"Exemplo_curso_Alvo_do_exemplo_Media_resiliencia","Exemplo_curso","Exemplo_curso","Exemplo didatico","Curso de Avaliacao de Estoques","Exemplo do curso","simulado","Alvo_do_exemplo_Media_resiliencia","Media_resiliencia","Alvo_do_exemplo",1971,31,1950,1975,1980,1.62053143514361,0.919237066548552,1.28100463000402,2.30361117611905,0.887726553855376,1.51130051956258
"Exemplo_curso_Alvo_do_exemplo_Media_resiliencia","Exemplo_curso","Exemplo_curso","Exemplo didatico","Curso de Avaliacao de Estoques","Exemplo do curso","simulado","Alvo_do_exemplo_Media_resiliencia","Media_resiliencia","Alvo_do_exemplo",1972,31,1950,1975,1980,1.39102884824914,0.809107449659904,1.11690705278612,3.21185669213687,1.31263576898014,2.16757788750906
"Exemplo_curso_Alvo_do_exemplo_Media_resiliencia","Exemplo_curso","Exemplo_curso","Exemplo didatico","Curso de Avaliacao de Estoques","Exemplo do curso","simulado","Alvo_do_exemplo_Media_resiliencia","Media_resiliencia","Alvo_do_exemplo",1973,31,1950,1975,1980,1.1583795944649,0.675084921027647,0.908549458973051,3.66987568293973,1.50753278675814,2.54507668491267
"Exemplo_curso_Alvo_do_exemplo_Media_resiliencia","Exemplo_curso","Exemplo_curso","Exemplo didatico","Curso de Avaliacao de Estoques","Exemplo do curso","simulado","Alvo_do_exemplo_Media_resiliencia","Media_resiliencia","Alvo_do_exemplo",1974,31,1950,1975,1980,0.963471159079106,0.545192478997019,0.722530400348596,3.49233090321424,1.33114442674643,2.39269489441923
"Exemplo_curso_Alvo_do_exemplo_Media_resiliencia","Exemplo_curso","Exemplo_curso","Exemplo didatico","Curso de Avaliacao de Estoques","Exemplo do curso","simulado","Alvo_do_exemplo_Media_resiliencia","Media_resiliencia","Alvo_do_exemplo",1975,31,1950,1975,1980,0.844563983780615,0.45629981264458,0.606501372049263,2.9937213630035,1.01460985067248,1.93233232496388
"Exemplo_curso_Alvo_do_exemplo_Media_resiliencia","Exemplo_curso","Exemplo_curso","Exemplo didatico","Curso de Avaliacao de Estoques","Exemplo do curso","simulado","Alvo_do_exemplo_Media_resiliencia","Media_resiliencia","Alvo_do_exemplo",1976,31,1950,1975,1980,0.805888899329513,0.393988712941471,0.55272422701926,2.45211836336434,0.671987336286105,1.36942538798466
"Exemplo_curso_Alvo_do_exemplo_Media_resiliencia","Exemplo_curso","Exemplo_curso","Exemplo didatico","Curso de Avaliacao de Estoques","Exemplo do curso","simulado","Alvo_do_exemplo_Media_resiliencia","Media_resiliencia","Alvo_do_exemplo",1977,31,1950,1975,1980,0.794038173896986,0.369871937171295,0.545133786842429,1.69980328402237,0.408872584060491,0.839870858050811
"Exemplo_curso_Alvo_do_exemplo_Media_resiliencia","Exemplo_curso","Exemplo_curso","Exemplo didatico","Curso de Avaliacao de Estoques","Exemplo do curso","simulado","Alvo_do_exemplo_Media_resiliencia","Media_resiliencia","Alvo_do_exemplo",1978,31,1950,1975,1980,0.814716798575876,0.376659530708465,0.571465256963308,1.01471442566797,0.236822269383791,0.460915713325598
"Exemplo_curso_Alvo_do_exemplo_Media_resiliencia","Exemplo_curso","Exemplo_curso","Exemplo didatico","Curso de Avaliacao de Estoques","Exemplo do curso","simulado","Alvo_do_exemplo_Media_resiliencia","Media_resiliencia","Alvo_do_exemplo",1979,31,1950,1975,1980,0.847452472136948,0.406934942026187,0.61952192493926,0.515580107154728,0.132951113609932,0.25018955107886
"Exemplo_curso_Alvo_do_exemplo_Media_resiliencia","Exemplo_curso","Exemplo_curso","Exemplo didatico","Curso de Avaliacao de Estoques","Exemplo do curso","simulado","Alvo_do_exemplo_Media_resiliencia","Media_resiliencia","Alvo_do_exemplo",1980,31,1950,1975,1980,0.888967650597016,0.454277617739999,0.681796008896262,0.285384821156118,0.0835677329777805,0.147776073708879
