year,SL50,SL95,FM,SPR,estimate_type,scenario,set,Linf,MK,L50_input,L95_input,BinWidth
2004,29.14,33.45,12.98,0.39,smoothed,BASE,core,40.6,2.0444444444444443,21.068058595591573,23.928403002115303,1
2005,28.98,33.23,11.68,0.39,smoothed,BASE,core,40.6,2.0444444444444443,21.068058595591573,23.928403002115303,1
2006,28.83,32.91,10.85,0.39,smoothed,BASE,core,40.6,2.0444444444444443,21.068058595591573,23.928403002115303,1
2007,28.58,32.36,9.84,0.4,smoothed,BASE,core,40.6,2.0444444444444443,21.068058595591573,23.928403002115303,1
2008,28.51,32.07,8.87,0.42,smoothed,BASE,core,40.6,2.0444444444444443,21.068058595591573,23.928403002115303,1
2009,28.5,31.98,7.99,0.43,smoothed,BASE,core,40.6,2.0444444444444443,21.068058595591573,23.928403002115303,1
2010,28.73,32.26,7.69,0.45,smoothed,BASE,core,40.6,2.0444444444444443,21.068058595591573,23.928403002115303,1
2011,29.03,32.61,7.82,0.46,smoothed,BASE,core,40.6,2.0444444444444443,21.068058595591573,23.928403002115303,1
2012,29.28,32.94,7.9,0.47,smoothed,BASE,core,40.6,2.0444444444444443,21.068058595591573,23.928403002115303,1
2013,29.69,33.47,8.02,0.49,smoothed,BASE,core,40.6,2.0444444444444443,21.068058595591573,23.928403002115303,1
2014,30.12,34.14,8.42,0.51,smoothed,BASE,core,40.6,2.0444444444444443,21.068058595591573,23.928403002115303,1
2015,30,34.07,7.09,0.52,smoothed,BASE,core,40.6,2.0444444444444443,21.068058595591573,23.928403002115303,1
2016,29.73,33.81,5.93,0.53,smoothed,BASE,core,40.6,2.0444444444444443,21.068058595591573,23.928403002115303,1
2017,29.63,33.92,5.19,0.54,smoothed,BASE,core,40.6,2.0444444444444443,21.068058595591573,23.928403002115303,1
2018,29.62,34.03,4.66,0.55,smoothed,BASE,core,40.6,2.0444444444444443,21.068058595591573,23.928403002115303,1
2019,29.8,34.4,4.33,0.57,smoothed,BASE,core,40.6,2.0444444444444443,21.068058595591573,23.928403002115303,1
2020,29.39,33.86,3.67,0.58,smoothed,BASE,core,40.6,2.0444444444444443,21.068058595591573,23.928403002115303,1
2021,29.57,34.16,3.33,0.59,smoothed,BASE,core,40.6,2.0444444444444443,21.068058595591573,23.928403002115303,1
2022,29.93,34.73,3.21,0.59,smoothed,BASE,core,40.6,2.0444444444444443,21.068058595591573,23.928403002115303,1
2023,29.81,34.39,3.02,0.59,smoothed,BASE,core,40.6,2.0444444444444443,21.068058595591573,23.928403002115303,1
2024,29.73,34.21,2.98,0.59,smoothed,BASE,core,40.6,2.0444444444444443,21.068058595591573,23.928403002115303,1
2004,31.06,36.01,26.05,0.3668750176560763,raw,BASE,core,40.6,2.0444444444444443,21.068058595591573,23.928403002115303,1
2005,28.76,34.19,7.09,0.36624256983161785,raw,BASE,core,40.6,2.0444444444444443,21.068058595591573,23.928403002115303,1
2006,29.94,35.24,12.57,0.3652850841054664,raw,BASE,core,40.6,2.0444444444444443,21.068058595591573,23.928403002115303,1
2007,26.79,29.73,9.54,0.3160704256341896,raw,BASE,core,40.6,2.0444444444444443,21.068058595591573,23.928403002115303,1
2008,27.85,30.06,7.91,0.41137013630236785,raw,BASE,core,40.6,2.0444444444444443,21.068058595591573,23.928403002115303,1
2009,26.2,28.22,2.17,0.4575749890546241,raw,BASE,core,40.6,2.0444444444444443,21.068058595591573,23.928403002115303,1
2010,27.92,31.62,3.33,0.46321365538126447,raw,BASE,core,40.6,2.0444444444444443,21.068058595591573,23.928403002115303,1
2011,29.54,32.88,8.42,0.4642197563496231,raw,BASE,core,40.6,2.0444444444444443,21.068058595591573,23.928403002115303,1
2012,27.78,30.83,7.44,0.38751009466440167,raw,BASE,core,40.6,2.0444444444444443,21.068058595591573,23.928403002115303,1
2013,29.43,32.14,5.27,0.5179494890461439,raw,BASE,core,40.6,2.0444444444444443,21.068058595591573,23.928403002115303,1
2014,35.58,41.58,25.65,0.5414752902901784,raw,BASE,core,40.6,2.0444444444444443,21.068058595591573,23.928403002115303,1
2015,31.53,35.87,5.44,0.5764845298277907,raw,BASE,core,40.6,2.0444444444444443,21.068058595591573,23.928403002115303,1
2016,28.04,30.2,1.74,0.5771074781331218,raw,BASE,core,40.6,2.0444444444444443,21.068058595591573,23.928403002115303,1
2017,28.73,33.9,3.04,0.48478046814822967,raw,BASE,core,40.6,2.0444444444444443,21.068058595591573,23.928403002115303,1
2018,27.75,31.43,2.65,0.48507094434237596,raw,BASE,core,40.6,2.0444444444444443,21.068058595591573,23.928403002115303,1
2019,35.62,43.43,7.71,0.5970985541669062,raw,BASE,core,40.6,2.0444444444444443,21.068058595591573,23.928403002115303,1
2020,23.49,25.52,0.48,0.6426296521640574,raw,BASE,core,40.6,2.0444444444444443,21.068058595591573,23.928403002115303,1
2021,27.8,31.48,1.09,0.6257485855481437,raw,BASE,core,40.6,2.0444444444444443,21.068058595591573,23.928403002115303,1
2022,34.79,43.8,3.81,0.6197147181596449,raw,BASE,core,40.6,2.0444444444444443,21.068058595591573,23.928403002115303,1
2023,29.36,32.76,1.63,0.6326567042416681,raw,BASE,core,40.6,2.0444444444444443,21.068058595591573,23.928403002115303,1
2024,28.93,32.43,2.56,0.5511978095299147,raw,BASE,core,40.6,2.0444444444444443,21.068058595591573,23.928403002115303,1
2004,29.24,33.7,17.8,0.3,smoothed,S_MK_1.59,core,40.6,1.59,21.068058595591573,23.928403002115303,1
2005,29.07,33.46,15.94,0.3,smoothed,S_MK_1.59,core,40.6,1.59,21.068058595591573,23.928403002115303,1
2006,28.91,33.12,14.72,0.3,smoothed,S_MK_1.59,core,40.6,1.59,21.068058595591573,23.928403002115303,1
2007,28.64,32.53,13.26,0.31,smoothed,S_MK_1.59,core,40.6,1.59,21.068058595591573,23.928403002115303,1
2008,28.55,32.22,11.88,0.32,smoothed,S_MK_1.59,core,40.6,1.59,21.068058595591573,23.928403002115303,1
2009,28.53,32.11,10.64,0.34,smoothed,S_MK_1.59,core,40.6,1.59,21.068058595591573,23.928403002115303,1
2010,28.75,32.4,10.17,0.35,smoothed,S_MK_1.59,core,40.6,1.59,21.068058595591573,23.928403002115303,1
2011,29.05,32.75,10.27,0.36,smoothed,S_MK_1.59,core,40.6,1.59,21.068058595591573,23.928403002115303,1
2012,29.3,33.07,10.27,0.37,smoothed,S_MK_1.59,core,40.6,1.59,21.068058595591573,23.928403002115303,1
2013,29.7,33.62,10.32,0.39,smoothed,S_MK_1.59,core,40.6,1.59,21.068058595591573,23.928403002115303,1
2014,30.13,34.3,10.71,0.4,smoothed,S_MK_1.59,core,40.6,1.59,21.068058595591573,23.928403002115303,1
2015,30.01,34.23,9.1,0.42,smoothed,S_MK_1.59,core,40.6,1.59,21.068058595591573,23.928403002115303,1
2016,29.73,33.96,7.66,0.42,smoothed,S_MK_1.59,core,40.6,1.59,21.068058595591573,23.928403002115303,1
2017,29.62,34.08,6.75,0.43,smoothed,S_MK_1.59,core,40.6,1.59,21.068058595591573,23.928403002115303,1
2018,29.61,34.19,6.1,0.43,smoothed,S_MK_1.59,core,40.6,1.59,21.068058595591573,23.928403002115303,1
2019,29.78,34.58,5.7,0.45,smoothed,S_MK_1.59,core,40.6,1.59,21.068058595591573,23.928403002115303,1
2020,29.37,34.03,4.87,0.46,smoothed,S_MK_1.59,core,40.6,1.59,21.068058595591573,23.928403002115303,1
2021,29.54,34.33,4.43,0.47,smoothed,S_MK_1.59,core,40.6,1.59,21.068058595591573,23.928403002115303,1
2022,29.9,34.91,4.28,0.47,smoothed,S_MK_1.59,core,40.6,1.59,21.068058595591573,23.928403002115303,1
2023,29.78,34.55,4.06,0.47,smoothed,S_MK_1.59,core,40.6,1.59,21.068058595591573,23.928403002115303,1
2024,29.7,34.36,4.01,0.47,smoothed,S_MK_1.59,core,40.6,1.59,21.068058595591573,23.928403002115303,1
2004,31.31,36.44,36.55,0.2784544554341028,raw,S_MK_1.59,core,40.6,1.59,21.068058595591573,23.928403002115303,1
2005,28.84,34.48,9.57,0.2760869033355092,raw,S_MK_1.59,core,40.6,1.59,21.068058595591573,23.928403002115303,1
2006,30.09,35.6,17.12,0.27617808394408455,raw,S_MK_1.59,core,40.6,1.59,21.068058595591573,23.928403002115303,1
2007,26.79,29.8,12.53,0.23744163720085076,raw,S_MK_1.59,core,40.6,1.59,21.068058595591573,23.928403002115303,1
2008,27.85,30.1,10.35,0.31843837501017613,raw,S_MK_1.59,core,40.6,1.59,21.068058595591573,23.928403002115303,1
2009,26.18,28.24,3.01,0.3533099495321693,raw,S_MK_1.59,core,40.6,1.59,21.068058595591573,23.928403002115303,1
2010,27.9,31.71,4.51,0.35982465065921615,raw,S_MK_1.59,core,40.6,1.59,21.068058595591573,23.928403002115303,1
2011,29.59,33.02,11.21,0.363995029798766,raw,S_MK_1.59,core,40.6,1.59,21.068058595591573,23.928403002115303,1
2012,27.78,30.9,9.8,0.2969453665581381,raw,S_MK_1.59,core,40.6,1.59,21.068058595591573,23.928403002115303,1
2013,29.44,32.21,6.99,0.41291236574200063,raw,S_MK_1.59,core,40.6,1.59,21.068058595591573,23.928403002115303,1
2014,35.58,41.87,30.65,0.43286885216346754,raw,S_MK_1.59,core,40.6,1.59,21.068058595591573,23.928403002115303,1
2015,31.59,36.1,7.34,0.46623603459033486,raw,S_MK_1.59,core,40.6,1.59,21.068058595591573,23.928403002115303,1
2016,28.02,30.22,2.44,0.4624098228135832,raw,S_MK_1.59,core,40.6,1.59,21.068058595591573,23.928403002115303,1
2017,28.69,34.04,4.14,0.3766687543067159,raw,S_MK_1.59,core,40.6,1.59,21.068058595591573,23.928403002115303,1
2018,27.71,31.48,3.62,0.3781043397004977,raw,S_MK_1.59,core,40.6,1.59,21.068058595591573,23.928403002115303,1
2019,35.71,44,9.99,0.4815079959943335,raw,S_MK_1.59,core,40.6,1.59,21.068058595591573,23.928403002115303,1
2020,23.45,25.5,0.87,0.480130938906656,raw,S_MK_1.59,core,40.6,1.59,21.068058595591573,23.928403002115303,1
2021,27.73,31.5,1.63,0.4996976585375029,raw,S_MK_1.59,core,40.6,1.59,21.068058595591573,23.928403002115303,1
2022,34.71,44.32,5,0.4992467335486103,raw,S_MK_1.59,core,40.6,1.59,21.068058595591573,23.928403002115303,1
2023,29.32,32.81,2.31,0.515342591851053,raw,S_MK_1.59,core,40.6,1.59,21.068058595591573,23.928403002115303,1
2024,28.91,32.51,3.51,0.4396428346469543,raw,S_MK_1.59,core,40.6,1.59,21.068058595591573,23.928403002115303,1
2004,28.95,33.38,12.79,0.42,smoothed,S_bin_2cm,core,40.6,2.0444444444444443,21.068058595591573,23.928403002115303,2
2005,28.8,33.17,11.61,0.42,smoothed,S_bin_2cm,core,40.6,2.0444444444444443,21.068058595591573,23.928403002115303,2
2006,28.63,32.82,10.78,0.43,smoothed,S_bin_2cm,core,40.6,2.0444444444444443,21.068058595591573,23.928403002115303,2
2007,28.38,32.25,9.81,0.43,smoothed,S_bin_2cm,core,40.6,2.0444444444444443,21.068058595591573,23.928403002115303,2
2008,28.31,31.95,8.88,0.45,smoothed,S_bin_2cm,core,40.6,2.0444444444444443,21.068058595591573,23.928403002115303,2
2009,28.3,31.85,8.08,0.47,smoothed,S_bin_2cm,core,40.6,2.0444444444444443,21.068058595591573,23.928403002115303,2
2010,28.55,32.17,7.89,0.48,smoothed,S_bin_2cm,core,40.6,2.0444444444444443,21.068058595591573,23.928403002115303,2
2011,28.86,32.54,8.15,0.49,smoothed,S_bin_2cm,core,40.6,2.0444444444444443,21.068058595591573,23.928403002115303,2
2012,29.09,32.82,8.11,0.5,smoothed,S_bin_2cm,core,40.6,2.0444444444444443,21.068058595591573,23.928403002115303,2
2013,29.48,33.34,8.16,0.52,smoothed,S_bin_2cm,core,40.6,2.0444444444444443,21.068058595591573,23.928403002115303,2
2014,29.9,34.01,8.45,0.54,smoothed,S_bin_2cm,core,40.6,2.0444444444444443,21.068058595591573,23.928403002115303,2
2015,29.8,33.96,7.13,0.56,smoothed,S_bin_2cm,core,40.6,2.0444444444444443,21.068058595591573,23.928403002115303,2
2016,29.54,33.73,5.97,0.57,smoothed,S_bin_2cm,core,40.6,2.0444444444444443,21.068058595591573,23.928403002115303,2
2017,29.43,33.8,5.23,0.57,smoothed,S_bin_2cm,core,40.6,2.0444444444444443,21.068058595591573,23.928403002115303,2
2018,29.43,33.9,4.73,0.58,smoothed,S_bin_2cm,core,40.6,2.0444444444444443,21.068058595591573,23.928403002115303,2
2019,29.62,34.28,4.43,0.6,smoothed,S_bin_2cm,core,40.6,2.0444444444444443,21.068058595591573,23.928403002115303,2
2020,29.22,33.76,3.74,0.61,smoothed,S_bin_2cm,core,40.6,2.0444444444444443,21.068058595591573,23.928403002115303,2
2021,29.4,34.03,3.38,0.62,smoothed,S_bin_2cm,core,40.6,2.0444444444444443,21.068058595591573,23.928403002115303,2
2022,29.74,34.58,3.25,0.62,smoothed,S_bin_2cm,core,40.6,2.0444444444444443,21.068058595591573,23.928403002115303,2
2023,29.59,34.19,3.03,0.62,smoothed,S_bin_2cm,core,40.6,2.0444444444444443,21.068058595591573,23.928403002115303,2
2024,29.49,33.98,2.97,0.62,smoothed,S_bin_2cm,core,40.6,2.0444444444444443,21.068058595591573,23.928403002115303,2
2004,30.73,35.87,24.63,0.39374416681483226,raw,S_bin_2cm,core,40.6,2.0444444444444443,21.068058595591573,23.928403002115303,2
2005,28.93,34.52,8.27,0.39856304754034383,raw,S_bin_2cm,core,40.6,2.0444444444444443,21.068058595591573,23.928403002115303,2
2006,29.55,34.93,12.02,0.3953451547743607,raw,S_bin_2cm,core,40.6,2.0444444444444443,21.068058595591573,23.928403002115303,2
2007,26.55,29.64,9.53,0.34940009505210784,raw,S_bin_2cm,core,40.6,2.0444444444444443,21.068058595591573,23.928403002115303,2
2008,27.61,29.95,7.56,0.44916737344673396,raw,S_bin_2cm,core,40.6,2.0444444444444443,21.068058595591573,23.928403002115303,2
2009,25.86,27.68,1.98,0.5037211662706321,raw,S_bin_2cm,core,40.6,2.0444444444444443,21.068058595591573,23.928403002115303,2
2010,27.8,31.64,3.39,0.5004125936295589,raw,S_bin_2cm,core,40.6,2.0444444444444443,21.068058595591573,23.928403002115303,2
2011,29.77,33.39,11.14,0.49160179964422174,raw,S_bin_2cm,core,40.6,2.0444444444444443,21.068058595591573,23.928403002115303,2
2012,27.4,30.43,7.16,0.4214700677366184,raw,S_bin_2cm,core,40.6,2.0444444444444443,21.068058595591573,23.928403002115303,2
2013,29.28,31.94,5.85,0.5521452917302968,raw,S_bin_2cm,core,40.6,2.0444444444444443,21.068058595591573,23.928403002115303,2
2014,35.08,41.16,24.48,0.5634156914915647,raw,S_bin_2cm,core,40.6,2.0444444444444443,21.068058595591573,23.928403002115303,2
2015,31.31,35.74,5.5,0.6078951831986341,raw,S_bin_2cm,core,40.6,2.0444444444444443,21.068058595591573,23.928403002115303,2
2016,28.14,30.71,1.82,0.6158222339229807,raw,S_bin_2cm,core,40.6,2.0444444444444443,21.068058595591573,23.928403002115303,2
2017,28.29,33.46,2.86,0.5186075900249196,raw,S_bin_2cm,core,40.6,2.0444444444444443,21.068058595591573,23.928403002115303,2
2018,27.55,31.18,2.72,0.5201462999847305,raw,S_bin_2cm,core,40.6,2.0444444444444443,21.068058595591573,23.928403002115303,2
2019,35.45,43.32,8.29,0.6191857367934948,raw,S_bin_2cm,core,40.6,2.0444444444444443,21.068058595591573,23.928403002115303,2
2020,23.48,25.7,0.48,0.669518107202635,raw,S_bin_2cm,core,40.6,2.0444444444444443,21.068058595591573,23.928403002115303,2
2021,27.72,31.4,1.1,0.6579460556290744,raw,S_bin_2cm,core,40.6,2.0444444444444443,21.068058595591573,23.928403002115303,2
2022,34.74,43.91,4.03,0.6433019016830586,raw,S_bin_2cm,core,40.6,2.0444444444444443,21.068058595591573,23.928403002115303,2
2023,29.06,32.41,1.57,0.6670545160077977,raw,S_bin_2cm,core,40.6,2.0444444444444443,21.068058595591573,23.928403002115303,2
2024,28.49,31.85,2.31,0.5912330021373055,raw,S_bin_2cm,core,40.6,2.0444444444444443,21.068058595591573,23.928403002115303,2
