"modelo","cenario","familia","rotulo","BBmsy","BBmsy_lo","BBmsy_hi","FFmsy","FFmsy_lo","FFmsy_hi","BtK","MSY","K","P_sobrepescado","P_sobrepesca","ano_final"
"DB-SRA","NN_CMSY_Vieira (2019)","NN-CMSY++","NN-CMSY++ · Vieira",0.694039095473824,0.34493260383999,1.81654552815128,0.202079968005656,0.0809475669835131,0.401902173532045,0.194271981828595,1767.11944911371,24729.8591390633,0.719,0,2023
"DB-SRA","NN_CMSY_Jardim (1999)","NN-CMSY++","NN-CMSY++ · Jardim",0.714816106284109,0.242234159045123,1.56982698987468,0.201633048627397,0.113155064772741,0.567992370784774,0.201330535641,1696.85068390468,24767.6939381216,0.771,0.019,2023
"DB-SRA","NN_CMSY_Santos (2018)","NN-CMSY++","NN-CMSY++ · Santos",0.749751934560531,0.22065195374169,1.56170444609502,0.198178925271747,0.104008092146111,0.670150419476957,0.205423424045382,1700.95668233008,24750.5047949074,0.738,0,2023
"DB-SRA","zBRT_Jardim (1999)","zBRT","zBRT · Jardim",1.31275252651523,0.538036279469589,2.3600069565534,0.108910067195808,0.0616301102245088,0.266300246545378,0.375654043152401,1747.04028803187,24561.5131914528,0.192,0,2023
"DB-SRA","zBRT_Santos (2018)","zBRT","zBRT · Santos",1.33066673526375,0.463732688665549,2.23845931611133,0.107173279495576,0.061883641786404,0.296652507917467,0.381173347283714,1759.62024436513,24425.6377990704,0.194,0.001,2023
"DB-SRA","zBRT_Vieira (2019)","zBRT","zBRT · Vieira",1.43262043821939,0.617241167033028,2.53686510765612,0.096645004231292,0.0569090748436838,0.209631402779576,0.390229825570852,1791.01693109292,23571.6216746603,0.15,0,2023
"DB-SRA","Target_switch_Santos (2018)","Mudança de alvo","Mudança de alvo · Santos",1.41686254652174,0.600183552151031,2.25155361792011,0.0976143196199086,0.0618058679614512,0.245085157586784,0.433134365126817,1794.76870347512,23689.4724238241,0.101,0,2023
"DB-SRA","Target_switch_Jardim (1999)","Mudança de alvo","Mudança de alvo · Jardim",1.4221721564582,0.570987548881064,2.44433983816497,0.0968764250349024,0.0574074026630892,0.256903610544878,0.426162166109578,1784.28371222526,24181.7959604294,0.126,0.001,2023
"DB-SRA","Target_switch_Vieira (2019)","Mudança de alvo","Mudança de alvo · Vieira",1.56211542669605,0.568200149853345,2.63169348450096,0.0865473630108138,0.0522592031339625,0.244767085685732,0.440071490359167,1823.74247477741,22580.9005280213,0.082,0.002,2023
"DB-SRA","Uninformative_bk_Jardim (1999)","Não informativa","Não informativa · Jardim",2.07697882876819,1.00140861939225,3.42700964238692,0.062328007467316,0.0185239856744954,0.140220138144233,0.680938825122011,1935.42930509201,22464.7330938009,0.025,0,2023
"DB-SRA","Uninformative_bk_Santos (2018)","Não informativa","Não informativa · Santos",2.11663422575551,1.12376542240634,3.58059736549721,0.0606161398390592,0.0178450984547122,0.128714354148502,0.689952387741927,1940.10065396286,22681.1268361107,0.017,0,2023
"DB-SRA","Uninformative_bk_Vieira (2019)","Não informativa","Não informativa · Vieira",2.34013645572848,1.2395779667759,3.84425611157333,0.0547970081162265,0.0153194263492538,0.108644524534105,0.699548236062619,1954.25124376713,20723.9687933994,0.008,0,2023
"CMSY++","NN_CMSY_Higher resilience","NN-CMSY++","NN-CMSY++ · r maior",0.263298039493454,0.0961545891083516,0.530239775506988,0.809412226015187,0.198594637078198,6.04484321552371,0.136921333892346,1947.38190037624,16788.1746051523,1,0.428,2023
"CMSY++","NN_CMSY_Euler-lotka methods","NN-CMSY++","NN-CMSY++ · Euler-Lotka",0.266303951561274,0.0947793454811712,0.510033357813152,0.867080838310828,0.232219070818904,6.9257625572011,0.134047832623123,1756.1491187395,29254.047732193,1,0.431,2023
"CMSY++","NN_CMSY_Non-informative_r","NN-CMSY++","NN-CMSY++ · r não inf.",0.304408155614677,0.117012073620757,0.541492631640999,0.722072275311281,0.224069910364207,4.97637633462253,0.152382084544299,1623.06526825211,51157.3493722176,1,0.334,2023
"CMSY++","NN_CMSY_lower resilience","NN-CMSY++","NN-CMSY++ · r menor",0.33042124783202,0.158136752392942,0.598710573416781,0.568003103942048,0.177153623547161,2.70839138039627,0.165634507514569,1739.18297284989,105611.180111165,1,0.236,2023
"CMSY++","zBRT_Higher resilience","zBRT","zBRT · r maior",0.387535458690153,0.0949312093444011,0.991866525789225,0.372342111460795,0.106870754474365,6.42983585722027,0.191164770645975,1951.32963607065,16964.5899054008,0.976,0.262,2023
"CMSY++","zBRT_Euler-lotka methods","zBRT","zBRT · Euler-Lotka",0.397443028011084,0.11684804874649,0.82038446894109,0.395934188283469,0.13701922768748,4.40510691514446,0.197532823599597,1747.44041265822,29229.2474405923,0.995,0.201,2023
"CMSY++","zBRT_Non-informative_r","zBRT","zBRT · r não inf.",0.454071689652408,0.192150131759854,0.838371603178255,0.330061335101592,0.132199439901367,1.93018323581504,0.22466559612554,1589.69148843398,53169.3217053064,0.999,0.094,2023
"CMSY++","zBRT_lower resilience","zBRT","zBRT · r menor",0.524907852034578,0.195425888122625,0.900810388492139,0.252543334467288,0.107865288754123,1.68357891303834,0.261262311453346,1730.87675589392,104388.717266439,0.984,0.062,2023
"CMSY++","Target_switch_Higher resilience","Mudança de alvo","Mudança de alvo · r maior",0.445448870887135,0.0681511617048528,1.00594830449818,0.281060838710632,0.100339127729445,11.5714119372377,0.226451918346677,1952.60780322846,16995.591533174,0.98,0.196,2023
"CMSY++","Target_switch_lower resilience","Mudança de alvo","Mudança de alvo · r menor",0.550655321616103,0.236748218416848,0.90351622337884,0.222827634236926,0.102461900663731,1.13045646166856,0.275711670550691,1828.92036862113,107358.245434095,0.997,0.028,2023
"CMSY++","Target_switch_Euler-lotka methods","Mudança de alvo","Mudança de alvo · Euler-Lotka",0.555173185917759,0.120846513723405,1.00273907508799,0.228520515609581,0.104925475966046,4.29499870926294,0.27684794880356,1763.14411483132,29982.2830598896,0.97,0.139,2023
"CMSY++","Target_switch_Non-informative_r","Mudança de alvo","Mudança de alvo · r não inf.",0.555583875124694,0.18946496500739,0.954846075216365,0.231390853025768,0.108050974385055,1.7602073128143,0.277945866937429,1761.67963537908,52938.6934296039,0.987,0.069,2023
"CMSY++","Uninformative_bk_lower resilience","Não informativa","Não informativa · r menor",0.641147502160936,0.227930952376214,1.17655762674382,0.170203922057932,0.0745252996989611,1.04250364761662,0.318660507229344,2036.98985027301,116036.957906649,0.942,0.037,2023
"CMSY++","Uninformative_bk_Non-informative_r","Não informativa","Não informativa · r não inf.",0.674586997685466,0.207630701230007,1.18493636397258,0.185441246419058,0.0846025419098462,1.50504276394414,0.337279464271857,1766.80739574052,51970.1759354682,0.908,0.047,2023
"CMSY++","Uninformative_bk_Euler-lotka methods","Não informativa","Não informativa · Euler-Lotka",0.775634495510379,0.150442062496066,1.34175019541357,0.158728896499541,0.0760004140428326,2.62590823226985,0.394463981057327,1806.43824162413,29852.3595611855,0.794,0.067,2023
"CMSY++","Uninformative_bk_Higher resilience","Não informativa","Não informativa · r maior",1.00423228462928,0.11219788609622,1.68824289954146,0.113898228280344,0.0557501335937373,4.24903560919113,0.513189458867003,1962.81132371355,16745.224453728,0.493,0.098,2023
"JABBA","J19_C6curto_base","JABBA: janela curta 2015–2025","J19 · C6curto base",0.146371223452068,0.0504234088114875,0.507807173507896,0.841975377005002,0.289321221196663,2.24160290983553,0.0737992880418033,491.575790086632,5067.98624443379,1,0.368,2025
"JABBA","J17_C5curto_kAlto","JABBA: janela curta 2015–2025","J17 · C5curto kAlto",0.172887704002384,0.0501893562427322,1.97218973253447,0.494820580475481,0.0122558643153885,1.5632801851911,0.0830734021854959,787.470829919617,11277.7876017163,0.858,0.137,2025
"JABBA","J15_C5curto_rAlto","JABBA: janela curta 2015–2025","J15 · C5curto rAlto",0.240224159960847,0.11185620154066,0.62953768585762,0.442086609935086,0.175316847863263,0.994524265598974,0.116868972338304,585.268313994338,3339.31503758492,0.999,0.028,2025
"JABBA","J13_C5curto_base","JABBA: janela curta 2015–2025","J13 · C5curto base",0.240984163317125,0.0838200535352345,0.96195747434842,0.513246009890387,0.141589866628019,1.41527096950588,0.119321167321793,500.254750774872,4669.3989525219,0.979,0.102,2025
"JABBA","J14_C5curto_rBaixo","JABBA: janela curta 2015–2025","J14 · C5curto rBaixo",0.255542326516695,0.0745344249530397,1.07941037501393,0.662869724453796,0.151093515057976,2.30117824953071,0.128118521634016,375.941653214792,6401.54507899297,0.962,0.246,2025
"JABBA","J16_C5curto_kBaixo","JABBA: janela curta 2015–2025","J16 · C5curto kBaixo",0.377755442728217,0.112416830185455,0.980583472797237,0.416407638205101,0.141830243529661,1.18892387608701,0.190674538722288,410.383131826145,3013.05520230165,0.978,0.041,2025
"JABBA","J18_BASE_C2C6","JABBA: janela completa, B/K bimodal","J18 · BASE C2C6",0.613133927057994,0.0392783843968016,2.15503818739338,0.0942699262901655,0.00447460576759519,1.02561574958388,0.0527269620892672,2125.6394594164,19647.1241992752,0.512,0.032,2025
"JABBA","J2_C2C3_nominal","JABBA: janela completa, B/K bimodal","J2 · C2C3 nominal",0.648914401197936,0.0391506111076658,2.13970945548803,0.0581465490410717,0.00398799231936499,1.04017637802214,0.785077918709681,2204.82964144256,20969.1646699469,0.492,0.04,2025
"JABBA","J5_soC5_curto","JABBA: janela completa, B/K bimodal","J5 · soC5 curto",0.689763945839775,0.0406454045571774,2.1478318723857,0.0611082348458464,0.00287969582354542,0.998265129429475,0.746724244390208,2114.14912037853,24558.7685082768,0.497,0.026,2025
"JABBA","J1_C1_ingenuo","JABBA: janela completa 1989–2025","J1 · C1 ingenuo",1.70348958600296,0.146665623233057,2.14658183962076,0.0130184572475951,0.00202605348909824,0.267130258554342,0.843808898759776,2656.59066001672,30552.3597351139,0.411,0,2025
"JABBA","J7_BASE_rBaixo","JABBA: janela completa 1989–2025","J7 · BASE rBaixo",1.86678433336361,1.30700038318275,2.21379334211566,0.011603519525741,0.00458305396409406,0.0261026616145652,0.938900578242658,2866.57930320802,38818.9837186033,0.01,0,2025
"JABBA","J3_BASE_C2C5","JABBA: janela completa 1989–2025","J3 · BASE C2C5",1.92210671504019,1.52431703012764,2.23655620823706,0.0100892798837297,0.00368938621171549,0.0203928064306328,0.964004464099266,3211.36694630279,28008.0573211265,0,0,2025
"JABBA","J9_soC3_curto","JABBA: janela completa 1989–2025","J9 · soC3 curto",1.92443869328989,1.60813154655877,2.19849392632992,0.00827564003802245,0.00197315586176636,0.0187665420405361,0.963425008019255,3937.02995945738,34131.0719580603,0,0,2025
"JABBA","J10_BASE_kBaixo","JABBA: janela completa 1989–2025","J10 · BASE kBaixo",1.93165837759784,1.70482565599956,2.16324338653821,0.0125105291486158,0.00721192337043329,0.0202834479637994,0.965924745161361,2500.84951236957,11975.8067988395,0,0,2025
"JABBA","J12_soC2_historico","JABBA: janela completa 1989–2025","J12 · soC2 historico",1.93307327882885,1.5917956812905,2.2391420302813,0.0103190765750453,0.00354102664442169,0.0209677754636249,0.960924697719982,3075.66849305866,29500.6210546816,0,0,2025
"JABBA","J8_BASE_rAlto","JABBA: janela completa 1989–2025","J8 · BASE rAlto",1.94417562617409,1.69734020000871,2.189377894025,0.00950165473929193,0.00339804180521383,0.0182115612033882,0.972872748007346,3320.13602109058,18274.9831291184,0,0,2025
"JABBA","J11_BASE_kAlto","JABBA: janela completa 1989–2025","J11 · BASE kAlto",1.94454144018452,1.63509788642728,2.20784972934693,0.00610702341574984,0.00202815320307976,0.0154828834027182,0.96921811039958,5143.33964289069,56998.1391361401,0,0,2025
"JABBA","J6_BASE_Fox","JABBA: janela completa 1989–2025","J6 · BASE Fox",2.61377036258444,2.25048382605957,2.97148309437663,0.00607871282809737,0.00200597300552368,0.0122662224236902,0.96469761734182,3773.43479931257,22694.2297099622,0,0,2025
