"Modelo","Familia","Cenarios","Ano","BBmsy_final","FFmsy_final","P_sobrepescado","P_sobrepesca","Sobrepescado","Sobrepesca","Leitura"
"DB-SRA","NN-CMSY++",3,2023,"0,69 – 0,75","0,20",0.742666666666667,0.00633333333333333,"Incerto","Não","Base; aceitação muito baixa"
"DB-SRA","zBRT",3,2023,"1,31 – 1,43","0,10 – 0,11",0.178666666666667,0.000333333333333333,"Não","Não","Base; B/K final no teto da priori"
"DB-SRA","Mudança de alvo",3,2023,"1,42 – 1,56","0,09 – 0,10",0.103,0.001,"Não","Não","Alternativa plausível"
"DB-SRA","Não informativa",3,2023,"2,08 – 2,34","0,06",0.0166666666666667,0,"Não","Não","Sensibilidade; não defensável"
"CMSY++","NN-CMSY++",4,2023,"0,26 – 0,33","0,57 – 0,87",1,0.35725,"Sim","Incerto","Base; viabilidade muito baixa"
"CMSY++","zBRT",4,2023,"0,39 – 0,52","0,25 – 0,40",0.9885,0.15475,"Sim","Não","Base; RU(B/K) ≈ 0 (B/K = priori)"
"CMSY++","Mudança de alvo",4,2023,"0,45 – 0,56","0,22 – 0,28",0.9835,0.108,"Sim","Não","Alternativa plausível"
"CMSY++","Não informativa",4,2023,"0,64 – 1,00","0,11 – 0,19",0.78425,0.06225,"Incerto","Não","Sensibilidade"
"JABBA","janela curta 2015–2025",6,2025,"0,15 – 0,38","0,42 – 0,84",0.962666666666667,0.153666666666667,"Sim","Não","Sem âncora histórica; psi define o nível"
"JABBA","janela completa, B/K bimodal",3,2025,"0,61 – 0,69","0,06 – 0,09",0.500333333333333,0.0326666666666667,"Incerto","Não","Indeterminado (duas soluções)"
"JABBA","janela completa 1989–2025",9,2025,"1,70 – 2,61","0,01",0.0467777777777778,0,"Não","Não","Mal ajustado; r, K e psi ≈ prioris"
