"","Median","LCI","UCI","Geweke.p","Heidel.p"
"K",22873.7151530957,9798.41017718292,71665.0170250707,0.345,0.594
"r",0.499895576227829,0.266011024887536,0.924266755659399,0.318,0.743
"q.1",0.0000451658596460881,0.0000121837778631542,0.000133357687046088,0.355,0.417
"q.2",0.0000403126401351675,0.0000115419093154822,0.000111158491038059,0.98,0.929
"psi",0.790562508718189,0.507434189546781,1.2055952714474,0.295,0.775
"sigma2",0.00315921640980211,0.00132996317558777,0.0122579878600412,0.993,0.521
"tau2.1",0.366798966928897,0.191133481061186,0.738341134237536,0.652,0.364
"tau2.2",0.502788087969812,0.198871503495029,1.0143022395099,0.269,0.784
"m",1.001,1.001,1.001,NA,NA
