"cenario","q","mediana","lci","uci","razao_q2_q1"
"J1_C1_ingenuo","q","0.0000353931668645268","0.0000058564416572974","0.00014580435662068",NA
"J2_C2C3_nominal","q.1","0.0000716835025974059","0.0000129426964722405","0.000177357582587423",NA
"J2_C2C3_nominal","q.2","0.000237362657656009","0.0000118578668497231","0.00226801413898372","3.19156745358471"
"J3_BASE_C2C5","q.1","0.0000401247353081547","0.0000127718494288727","0.000107906229446021",NA
"J3_BASE_C2C5","q.2","0.0000338920835798539","0.0000108932359132512","0.0000912427817158132","0.848828549643946"
"J5_soC5_curto","q","0.000162387476424206","0.00000932723199800764","0.00143262881647979",NA
"J6_BASE_Fox","q.1","0.000047988880299897","0.0000140854505240585","0.000124405267185468",NA
"J6_BASE_Fox","q.2","0.000040438023634994","0.0000125346375444956","0.000102572362111892","0.848252309980633"
"J7_BASE_rBaixo","q.1","0.0000300499409648815","0.00000998336420085535","0.0000757531885090226",NA
"J7_BASE_rBaixo","q.2","0.00002566337576324","0.00000850651694123358","0.0000685865642960199","0.853235360902949"
"J8_BASE_rAlto","q.1","0.0000598767611352638","0.0000194758522959903","0.000142705305989595",NA
"J8_BASE_rAlto","q.2","0.0000507783612642581","0.000017082029900554","0.000121747185892148","0.851291383398291"
"J9_soC3_curto","q","0.000027276524862815","0.00000634051767495991","0.0000737786468184188",NA
"J10_BASE_kBaixo","q.1","0.0000988816105274505","0.0000514217688127388","0.000178508470576457",NA
"J10_BASE_kBaixo","q.2","0.0000773962845391551","0.0000385396720005241","0.000154865657806811","0.784613702475744"
"J11_BASE_kAlto","q.1","0.0000173485314811401","0.00000700151612938267","0.0000416888391266746",NA
"J11_BASE_kAlto","q.2","0.0000155044700629076","0.00000603339517236809","0.0000413398334500608","0.898824487649587"
"J12_soC2_historico","q","0.0000384702733179768","0.0000132007822510202","0.000104165428940879",NA
"J18_BASE_C2C6","q.1","0.0000768891641048064","0.000015983008806816","0.000162425580086756",NA
"J18_BASE_C2C6","q.2","0.000256396427046153","0.0000134716605428469","0.00174127553476946","3.53654656198658"
"J13_C5curto_base","q","0.000911769106959064","0.00036268569822272","0.00169961231683053",NA
"J14_C5curto_rBaixo","q","0.000601785089888652","0.000210580952702171","0.00121829725970932",NA
"J15_C5curto_rAlto","q","0.0014220184768576","0.000703001418168138","0.0023339108724611",NA
"J16_C5curto_kBaixo","q","0.0009983855130046","0.000448210940489439","0.00200400952055397",NA
"J17_C5curto_kAlto","q","0.000664368147499307","0.0000393433370729392","0.00125413035145495",NA
"J19_C6curto_base","q","0.000971289346887065","0.000506940948590544","0.00179804631095892",NA
