"cenario","parametro","mediana_priori","mediana_posterior","razao_post_priori","reducao_IC95_pct","fracao_dentro_IC95_priori"
"J1_C1_ingenuo","r","0.397121352196384","0.383188747555341","0.964916002214473","-14.3444147573477","0.8911"
"J1_C1_ingenuo","K","24372.8704092295","36222.0458283718","1.48616249215584","4.95655942336692","0.9709"
"J1_C1_ingenuo","MSY","2411.13580222379","3604.71273960018","1.49502684016203","1.75016288985308","0.9727"
"J1_C1_ingenuo","psi","0.902096626830195","0.861340445399835","0.954820603227872","17.2648929325154","0.9541"
"J1_C1_ingenuo","sigma2","0.00272246152659503","0.00328503264798112","1.20664061397764","-255.414669280871","0.8761"
"J2_C2C3_nominal","r","0.400768615553635","0.457916014409759","1.14259449627107","-15.1571567809544","0.9307"
"J2_C2C3_nominal","K","24336.8599463856","21155.7746317894","0.869289410318168","59.596311088312","1"
"J2_C2C3_nominal","MSY","2429.94019241031","2119.04929538345","0.872058210322257","56.2574453458362","0.9995"
"J2_C2C3_nominal","psi","0.89590749532111","0.759095258215791","0.847292005235113","20.4224400907487","0.9005"
"J2_C2C3_nominal","sigma2","0.00272166120458643","0.00318884724649142","1.17165473833323","-140.04603473114","0.8738"
"J3_BASE_C2C5","r","0.399725287632392","0.515583212548498","1.28984387153073","-25.3905217654234","0.8886"
"J3_BASE_C2C5","K","24088.1803510412","26826.0094117101","1.11365860852792","59.4919997067023","1"
"J3_BASE_C2C5","MSY","2395.44540985377","3297.14427420825","1.37642221385856","59.7612317064942","0.9994"
"J3_BASE_C2C5","psi","0.900908908968762","0.791682891936175","0.878760198789005","16.8356354433432","0.917"
"J3_BASE_C2C5","sigma2","0.00271021749591981","0.00304641534160536","1.124048289922","-13.1107507215619","0.9569"
"J5_soC5_curto","r","0.396175654000259","0.47580498047554","1.20099500227045","-13.1575157939776","0.924"
"J5_soC5_curto","K","24079.8709498043","31392.3645636888","1.30367661143732","27.0409555940416","0.9923"
"J5_soC5_curto","MSY","2396.51166836828","3582.73636475582","1.49497972909734","33.0012410413862","0.9906"
"J5_soC5_curto","psi","0.901398143248269","0.883785532945041","0.980460787017201","18.8723241898798","0.9719"
"J5_soC5_curto","sigma2","0.00272076601146162","0.00283226906018184","1.04098222642098","-9.85723160398473","0.952"
"J6_BASE_Fox","r","0.400047816743651","0.499895576227829","1.24958956231015","-12.770323353427","0.9213"
"J6_BASE_Fox","K","24204.2717892026","22873.7151530957","0.945028024486965","50.5845793075168","1"
"J6_BASE_Fox","MSY","3545.75398154776","4027.77123238264","1.13594210239721","55.746732987276","0.999"
"J6_BASE_Fox","psi","0.901129527991822","0.790562508718189","0.877301746486953","23.4660515651624","0.9429"
"J6_BASE_Fox","sigma2","0.00274078977971275","0.00315921640980211","1.15266644424412","-36.3651396924655","0.9366"
"J7_BASE_rBaixo","r","0.223467683574428","0.310570489494704","1.38977808570368","-31.9964231802202","0.8808"
"J7_BASE_rBaixo","K","23755.540445742","39390.5304255849","1.65816183031295","39.9980715292676","0.9966"
"J7_BASE_rBaixo","MSY","1328.73447667615","2951.33419215964","2.22116174748656","35.8164300658892","0.9907"
"J7_BASE_rBaixo","psi","0.900019206566685","0.761261470242409","0.845828027544437","22.843553896948","0.9066"
"J7_BASE_rBaixo","sigma2","0.00271121211476904","0.00355954935942183","1.31289962154992","-80.5185890317333","0.8851"
"J8_BASE_rAlto","r","0.691113192988716","0.80073388318703","1.15861466878423","-13.6105653055548","0.9199"
"J8_BASE_rAlto","K","23988.9039930042","18141.84394932","0.756259808893758","65.0559997452385","1"
"J8_BASE_rAlto","MSY","4168.38908282492","3491.48202773739","0.83760943577062","68.7609739197696","0.9992"
"J8_BASE_rAlto","psi","0.90208258387786","0.817493239703361","0.906228824626159","18.4087540965687","0.9419"
"J8_BASE_rAlto","sigma2","0.00270853903795504","0.00289653369940478","1.06940814173816","-4.12015746015744","0.9649"
"J9_soC3_curto","r","0.400318741842111","0.479244546175773","1.19715740504798","-14.1031990479618","0.9321"
"J9_soC3_curto","K","24156.6940985472","31619.9249430551","1.30895083632146","22.603019749654","0.9884"
"J9_soC3_curto","MSY","2401.85766110028","3639.3350350523","1.51521678157445","25.5351821907841","0.9857"
"J9_soC3_curto","psi","0.899967102543285","0.893206315380718","0.992487739670193","19.796004775117","0.981"
"J9_soC3_curto","sigma2","0.00273634759488412","0.00257092684580294","0.939546880158629","-7.5092726757344","0.916"
"J10_BASE_kBaixo","r","0.399676642444819","0.752193187771751","1.88200437025939","-51.3344252151187","0.5565"
"J10_BASE_kBaixo","K","6501.89731297304","11709.29629203","1.80090452500177","-11.2038281405158","0.6585"
"J10_BASE_kBaixo","MSY","648.86050619293","2132.73671605877","3.28689555875763","-23.0707815418114","0.0741"
"J10_BASE_kBaixo","psi","0.898686398685283","0.767132508422861","0.853615354082496","18.6512487577098","0.9026"
"J10_BASE_kBaixo","sigma2","0.00272618936470054","0.0034944218404697","1.28179718023863","-175.422187555195","0.832"
"J11_BASE_kAlto","r","0.401293056527054","0.400000114778478","0.996778061001687","0.262527420097836","0.9518"
"J11_BASE_kAlto","K","75177.4173622331","59263.579586803","0.788316247966444","16.5927775643204","0.9165"
"J11_BASE_kAlto","MSY","7539.61182779194","5850.53338542093","0.775972758153827","21.6696338035199","0.9487"
"J11_BASE_kAlto","psi","0.90141338594099","0.786966223945478","0.873035874793405","23.88396292261","0.935"
"J11_BASE_kAlto","sigma2","0.00272196096457235","0.00290011627117439","1.06545108799164","-46.0538217809989","0.9042"
"J12_soC2_historico","r","0.402940226330013","0.463696965008568","1.15078350263494","-11.3163049101733","0.9354"
"J12_soC2_historico","K","24545.4748656783","31956.9160721061","1.30194735473589","32.2461614791203","0.9932"
"J12_soC2_historico","MSY","2465.0793028823","3540.94085454916","1.43644094955035","37.4005236341472","0.9927"
"J12_soC2_historico","psi","0.901923680816024","0.801851421899359","0.889045757368158","22.1476896477729","0.9361"
"J12_soC2_historico","sigma2","0.00272743383813266","0.00317164321308004","1.16286714960298","-30.8339183163406","0.9392"
"J18_BASE_C2C6","r","0.399654084053904","0.511058153925123","1.2787512359218","-20.6970936470411","0.8959"
"J18_BASE_C2C6","K","24290.3756164549","27265.9423275625","1.1224998228966","53.9084347930167","0.9975"
"J18_BASE_C2C6","MSY","2399.38793551401","3340.8380903231","1.39237096297536","52.6687373975213","0.9985"
"J18_BASE_C2C6","psi","0.897670003745781","0.792453048578556","0.882788825817754","20.4689579507196","0.9275"
"J18_BASE_C2C6","sigma2","0.00272669101645464","0.00352076174460591","1.29122138275269","-84.691450934093","0.8686"
"J13_C5curto_base","r","0.400063110536486","0.423058733336366","1.0574799880175","2.65628127173406","0.9556"
"J13_C5curto_base","K","6527.73041116151","4650.64779911527","0.712444832458661","79.3543364415763","1"
"J13_C5curto_base","MSY","652.819881365308","492.034591360099","0.75370650527839","83.4765323977073","1"
"J13_C5curto_base","psi","0.500065976875184","0.424395396056622","0.848678805761966","32.9829662776839","0.993"
"J13_C5curto_base","sigma2","0.00272591149762605","0.00276430003090181","1.01408282451913","-11.3068516934863","0.9459"
"J14_C5curto_rBaixo","r","0.22268397251505","0.222867942516052","1.00082614837037","-1.31363979662364","0.9493"
"J14_C5curto_rBaixo","K","6501.92704441501","6430.12059975296","0.98895612882588","67.3439199396562","1"
"J14_C5curto_rBaixo","MSY","363.788016339124","373.760715439801","1.02741348986983","73.3242594366451","1"
"J14_C5curto_rBaixo","psi","0.500643697811215","0.455683086156395","0.91019439203692","31.3034196854706","0.9932"
"J14_C5curto_rBaixo","sigma2","0.00273271329038877","0.00277087616096615","1.01396519375509","-9.61573488700189","0.9454"
"J15_C5curto_rAlto","r","0.694560612921749","0.705702978283459","1.01604232251932","4.87844752681699","0.9569"
"J15_C5curto_rAlto","K","6551.5333704465","3278.23167299229","0.500376245930481","89.4905005776479","1"
"J15_C5curto_rAlto","MSY","1139.30978524557","578.874073522241","0.508091900042332","92.4683182572498","1"
"J15_C5curto_rAlto","psi","0.503220278557411","0.398159757240276","0.791223593734509","53.1764048095075","0.9985"
"J15_C5curto_rAlto","sigma2","0.00272675943891377","0.0028201403178509","1.03424610092276","-14.4057616669887","0.9426"
"J16_C5curto_kBaixo","r","0.401089010887648","0.540919568865142","1.34862724777235","-15.2499471260157","0.9016"
"J16_C5curto_kBaixo","K","1760.05458683156","3017.29339633933","1.71431807792453","6.30434749739859","0.8028"
"J16_C5curto_kBaixo","MSY","176.303406231897","406.122060789828","2.30354063752826","-21.7656638675747","0.7449"
"J16_C5curto_kBaixo","psi","0.502290808482211","0.677485215682928","1.34879078860732","29.5947842729066","0.9991"
"J16_C5curto_kBaixo","sigma2","0.00273085733432061","0.00274554835654615","1.00537963739113","-11.1393424755746","0.9454"
"J17_C5curto_kAlto","r","0.399932502628801","0.290766992296734","0.727040163991399","35.5658933969313","0.8827"
"J17_C5curto_kAlto","K","20551.0737915042","11155.9034672664","0.542837984060873","46.1204695908989","0.6958"
"J17_C5curto_kAlto","MSY","2064.69176129934","797.268261629789","0.386143964234186","57.2028357697547","0.5845"
"J17_C5curto_kAlto","psi","0.497782258944445","0.236877829098972","0.475866354902392","29.1352131971747","0.783"
"J17_C5curto_kAlto","sigma2","0.00270214986108681","0.00282854598726884","1.04677613481111","-13.0669165100782","0.9387"
"J19_C6curto_base","r","0.399646584691118","0.385544764456918","0.964714273124342","8.10651106522744","0.9551"
"J19_C6curto_base","K","6494.71024324546","5057.87370639888","0.77876818471757","75.7159104685613","1"
"J19_C6curto_base","MSY","651.144079536229","493.210861457415","0.757452731212268","81.6902311264554","1"
"J19_C6curto_base","psi","0.501002642784959","0.397252832467916","0.792915642639485","34.7145564639344","0.9796"
"J19_C6curto_base","sigma2","0.00271504538008531","0.00276599371608566","1.01876518763703","2.76122287087693","0.9594"
