"cenario","N","RMSE","SDNR","DIC","min_Geweke_p","min_Heidel_p"
"J1_C1_ingenuo","35","80.3","0.96","-213.6","0.273","0.184"
"J2_C2C3_nominal","35","65.8","0.94","-241.1","0.18","0.124"
"J3_BASE_C2C5","35","72.1","1.01","-247.5","0.005","0.099"
"J5_soC5_curto","10","94.2","0.9","-287.1","0.095","0.08"
"J6_BASE_Fox","35","73.5","1.01","-248.5","0.108","0.158"
"J7_BASE_rBaixo","35","72","1.01","-247.6","0.193","0.125"
"J8_BASE_rAlto","35","73.3","1.01","-249.2","0.032","0.067"
"J9_soC3_curto","10","126.6","1.04","-283.9","0.126","0.052"
"J10_BASE_kBaixo","35","73.2","1","-247.7","0.108","0.058"
"J11_BASE_kAlto","35","72.8","1.01","-249.6","0.218","0.546"
"J12_soC2_historico","25","69.4","1.01","-263.7","0.181","0.103"
"J18_BASE_C2C6","35","67.5","0.94","-244.1","0.026","0.277"
"J13_C5curto_base","10","88.3","1.03","-84.7","0.13","0.136"
"J14_C5curto_rBaixo","10","93.7","1","-85.1","0.041","0.149"
"J15_C5curto_rAlto","10","81.6","1.17","-85.6","0.291","0.161"
"J16_C5curto_kBaixo","10","90.2","1.03","-83.3","0.005","0.163"
"J17_C5curto_kAlto","10","90.6","0.96","-80.2","0.344","0.025"
"J19_C6curto_base","10","67.2","0.95","-89","0.016","0.075"
