"base","metrica","fator","nivel","valor","delta_pct"
"J3_BASE_C2C5","MSY","Forma da curva de producao","J6_BASE_Fox","3818.5647225674","21.7997989736587"
"J3_BASE_C2C5","MSY","Indice usado","J12_soC2_historico","3056.43025736805","-2.5098124632177"
"J3_BASE_C2C5","MSY","Indice usado","J1_C1_ingenuo","2764.21886649175","-11.8304057364456"
"J3_BASE_C2C5","MSY","Indice usado","J2_C2C3_nominal","2165.23202197396","-30.9361385315364"
"J3_BASE_C2C5","MSY","Indice usado","J18_BASE_C2C6","2147.25575619583","-31.509522961852"
"J3_BASE_C2C5","MSY","Indice usado","J5_soC5_curto","2141.14793996247","-31.7043424407509"
"J3_BASE_C2C5","MSY","Indice usado","J9_soC3_curto","3856.77349636981","23.0185346259996"
"J3_BASE_C2C5","MSY","Prior de K","J10_BASE_kBaixo","2519.88144103165","-19.6239751702437"
"J3_BASE_C2C5","MSY","Prior de K","J11_BASE_kAlto","5196.99313930391","65.7671836472394"
"J3_BASE_C2C5","MSY","Prior de r","J7_BASE_rBaixo","2853.13886456793","-8.99414691217829"
"J3_BASE_C2C5","MSY","Prior de r","J8_BASE_rAlto","3249.56937857029","3.65069753085287"
"J3_BASE_C2C5","B/Bmsy final","Forma da curva de producao","J6_BASE_Fox","2.61377036258444","35.9846642297274"
"J3_BASE_C2C5","B/Bmsy final","Indice usado","J1_C1_ingenuo","1.70348958600296","-11.3738288996433"
"J3_BASE_C2C5","B/Bmsy final","Indice usado","J5_soC5_curto","0.689763945839775","-64.1141701216441"
"J3_BASE_C2C5","B/Bmsy final","Indice usado","J2_C2C3_nominal","0.648914401197936","-66.2394186482841"
"J3_BASE_C2C5","B/Bmsy final","Indice usado","J18_BASE_C2C6","0.613133927057994","-68.1009424575485"
"J3_BASE_C2C5","B/Bmsy final","Indice usado","J9_soC3_curto","1.92443869328989","0.12132407797406"
"J3_BASE_C2C5","B/Bmsy final","Indice usado","J12_soC2_historico","1.93307327882885","0.570549163730419"
"J3_BASE_C2C5","B/Bmsy final","Prior de K","J10_BASE_kBaixo","1.93165837759784","0.496937161860884"
"J3_BASE_C2C5","B/Bmsy final","Prior de K","J11_BASE_kAlto","1.94454144018452","1.16719456671068"
"J3_BASE_C2C5","B/Bmsy final","Prior de r","J7_BASE_rBaixo","1.86678433336361","-2.8782159306604"
"J3_BASE_C2C5","B/Bmsy final","Prior de r","J8_BASE_rAlto","1.94417562617409","1.14816263640395"
"J13_C5curto_base","MSY (janela curta)","Indice usado","J19_C6curto_base","493.210861457415","0.239062480152934"
"J13_C5curto_base","MSY (janela curta)","Prior de K","J16_C5curto_kBaixo","406.122060789828","-17.46066883891"
"J13_C5curto_base","MSY (janela curta)","Prior de K","J17_C5curto_kAlto","797.268261629789","62.0350023411876"
"J13_C5curto_base","MSY (janela curta)","Prior de r","J14_C5curto_rBaixo","373.760715439801","-24.0377156397401"
"J13_C5curto_base","MSY (janela curta)","Prior de r","J15_C5curto_rAlto","578.874073522241","17.6490603886401"
