"id","familia","ativo","pergunta","contraste","papel","indices","janela","curva","prior_r","prior_K","prior_psi","N","RMSE","SDNR","DIC","ano_final","BBmsy","BBmsy_lci","BBmsy_uci","FFmsy","BB0","P_sobrepescado","rodou"
"J1_C1_ingenuo","janela completa 1989-2025","TRUE","A capturabilidade mudou na troca de alvo de 2015? J1 e o modelo NULO: um unico q atravessando a quebra.","J2. J1 usa OS MESMOS 35 pontos de indice que J2 (C1 e C2 e C3 renormalizados: razao constante, conferida) e esta ANINHADO nele — J2 = J1 + 1 q + 1 variancia. E a UNICA comparacao de DIC formalmente valida da grade.","MODELO NULO do teste de capturabilidade: um q só atravessando a troca de alvo","C1_nominal_total","1989-2025","Schaefer","range [0.20, 0.80] (mediana 0.40)","range [3015, 92821] t (mediana 16729)","lnorm(0.90, CV 0.25) - estoque pouco explorado em 1989","35","85.2","1","-209.4","2025","1.83053400917771","0.19126041160207","2.16489889731783","0.00919057159347754","0.915267004588857","0.2168","TRUE"
"J2_C2C3_nominal","janela completa 1989-2025","TRUE","O que a CPUE NOMINAL diz quando se admite a quebra de capturabilidade (um q por periodo)?","J1 (um q so) e J3 (mesma estrutura, indice recente padronizado).","nominal honesto: q separado por período","C2_nominal_pre_alvo+C3_nominal_pos_alvo","1989-2025","Schaefer","range [0.20, 0.80] (mediana 0.40)","range [3015, 92821] t (mediana 16729)","lnorm(0.90, CV 0.25) - estoque pouco explorado em 1989","35","67.7","0.94","-237.9","2025","0.531588528976816","0.0392967083084084","2.14083116798907","0.0627019432532124","0.265794264488408","0.5009","TRUE"
"J3_BASE_C2C5","janela completa 1989-2025","TRUE","CASO BASE: nominal no periodo em que a cavala era alvo + padronizada no periodo recente, um q para cada.","J2 (recente nominal), J18 (recente dirigido), J6 (forma da curva), J7/J8 e J10/J11 (priors).","CASO BASE: nominal antes + padronizada com tática depois","C2_nominal_pre_alvo+C5_padronizada_com_tatica","1989-2025","Schaefer","range [0.20, 0.80] (mediana 0.40)","range [3015, 92821] t (mediana 16729)","lnorm(0.90, CV 0.25) - estoque pouco explorado em 1989","35","73.6","1.01","-246.6","2025","1.92932105633932","1.57796112876204","2.21774233306361","0.00963626840937632","0.964660528169662","0.0004","TRUE"
"J4_C2C4_semTat","janela completa 1989-2025","FALSE","A covariavel de tatica na padronizacao muda a avaliacao?","J3. DESLIGADO por redundancia: C4 e C5 correlacionam 0,994 (r em log 0,987) e a propria parte 03 ja imprime esse numero. Rodar os dois no JABBA repete um resultado que a correlacao entre indices ja da, e da de forma mais limpa.","REDUNDANTE com J3 (C4 x C5 correlacionam 0,994) — ver 6.2","C2_nominal_pre_alvo+C4_padronizada_sem_tatica","1989-2025","Schaefer","range [0.20, 0.80] (mediana 0.40)","range [3015, 92821] t (mediana 16729)","lnorm(0.90, CV 0.25) - estoque pouco explorado em 1989",NA,NA,NA,NA,NA,NA,NA,NA,NA,NA,NA,"FALSE"
"J5_soC5_curto","janela completa 1989-2025","TRUE","O indice recente padronizado sozinho, mas com toda a serie de CAPTURA 1989-2025 ainda ancorando a dinamica.","J3 (com indice historico) e J13 (mesmo indice, sem ancora nenhuma). O par J5 x J13 separa o efeito de perder o INDICE historico do de perder a CAPTURA historica.","índice recente sozinho, mas ainda ancorado na captura histórica","C5_padronizada_com_tatica","1989-2025","Schaefer","range [0.20, 0.80] (mediana 0.40)","range [3015, 92821] t (mediana 16729)","lnorm(0.90, CV 0.25) - estoque pouco explorado em 1989","10","127.1","1.03","-284.4","2025","1.93244473846355","1.60685448939289","2.21262628883656","0.00880742687885853","0.966222369231774","0","TRUE"
"J6_BASE_Fox","janela completa 1989-2025","TRUE","A conclusao depende da forma da curva de producao (Fox: Bmsy/K = 0,37 em vez de 0,5)?","J3 (Schaefer, mesmos dados) — comparacao de DIC valida.","sensibilidade: forma da curva de produção (Fox)","C2_nominal_pre_alvo+C5_padronizada_com_tatica","1989-2025","Fox","range [0.20, 0.80] (mediana 0.40)","range [3015, 92821] t (mediana 16729)","lnorm(0.90, CV 0.25) - estoque pouco explorado em 1989","35","73.8","1.01","-247.2","2025","2.61606638787707","2.20011225750348","3.01153975648776","0.00579350130797015","0.962878038960839","0","TRUE"
"J7_BASE_rBaixo","janela completa 1989-2025","TRUE","O resultado vem do dado ou da prior de r? Lado menos produtivo.","J3 e J8. Se a posterior de r seguir a prior nos tres, r nao foi estimado (ver secao 12).","sensibilidade: prior de r mais baixo (menos produtivo)","C2_nominal_pre_alvo+C5_padronizada_com_tatica","1989-2025","Schaefer","range [0.10, 0.50] (mediana 0.22)","range [3015, 92821] t (mediana 16729)","lnorm(0.90, CV 0.25) - estoque pouco explorado em 1989","35","72.8","1","-244.1","2025","1.86396782947936","1.28212598694257","2.23218824419304","0.0111684475418415","0.931983914739682","0.0034","TRUE"
"J8_BASE_rAlto","janela completa 1989-2025","TRUE","O resultado vem do dado ou da prior de r? Lado mais produtivo.","J3 e J7.","sensibilidade: prior de r mais alto (mais produtivo)","C2_nominal_pre_alvo+C5_padronizada_com_tatica","1989-2025","Schaefer","range [0.40, 1.20] (mediana 0.69)","range [3015, 92821] t (mediana 16729)","lnorm(0.90, CV 0.25) - estoque pouco explorado em 1989","35","73.9","1.01","-248.4","2025","1.94472352969476","1.70027875044262","2.19899547283396","0.00890332053441022","0.972361764847378","0","TRUE"
"J9_soC3_curto","janela completa 1989-2025","TRUE","O indice recente NOMINAL sozinho, com a captura historica ancorando a dinamica.","J2 (mesmo indice, com o historico) e J5 (mesma posicao, indice padronizado). Fecha o quadrado J2/J9/J3/J5.","diagnóstico: só o índice NOMINAL recente (par do J5)","C3_nominal_pos_alvo","1989-2025","Schaefer","range [0.20, 0.80] (mediana 0.40)","range [3015, 92821] t (mediana 16729)","lnorm(0.90, CV 0.25) - estoque pouco explorado em 1989","10","127","1.04","-283.8","2025","1.92507718129587","1.61017807233648","2.19009382142448","0.00875587468804948","0.962538590647937","0.0003","TRUE"
"J10_BASE_kBaixo","janela completa 1989-2025","TRUE","O resultado vem do dado ou da prior de K? Estoque menor.","J3 e J11.","sensibilidade: prior de K mais baixo (estoque menor)","C2_nominal_pre_alvo+C5_padronizada_com_tatica","1989-2025","Schaefer","range [0.20, 0.80] (mediana 0.40)","range [3015, 12376] t (mediana 6109)","lnorm(0.90, CV 0.25) - estoque pouco explorado em 1989","35","66.4","0.93","-236.6","2025","0.867786188143866","0.0424333000308304","2.11628659462007","0.0305158192742141","0.433893094071933","0.5","TRUE"
"J11_BASE_kAlto","janela completa 1989-2025","TRUE","O resultado vem do dado ou da prior de K? Estoque maior.","J3 e J10.","sensibilidade: prior de K mais alto (estoque maior)","C2_nominal_pre_alvo+C5_padronizada_com_tatica","1989-2025","Schaefer","range [0.20, 0.80] (mediana 0.40)","range [30940, 154702] t (mediana 69185)","lnorm(0.90, CV 0.25) - estoque pouco explorado em 1989","35","73","1.01","-248","2025","1.94020736183629","1.55767620791309","2.25876568242976","0.00541006238236476","0.970103680918144","0.0011","TRUE"
"J12_soC2_historico","janela completa 1989-2025","TRUE","So o periodo em que a cavala era alvo: o que a serie historica diz sozinha?","J9/J5/J13 — e o polo OPOSTO do contraste de ancora: so o periodo antigo contra so o periodo recente.","CASO BASE da janela histórica: só C2, frota e alvo estáveis","C2_nominal_pre_alvo","1989-2025","Schaefer","range [0.20, 0.80] (mediana 0.40)","range [3015, 92821] t (mediana 16729)","lnorm(0.90, CV 0.25) - estoque pouco explorado em 1989","25","71.4","1.02","-262.7","2025","1.93972351337623","1.62264982640258","2.25338640839254","0.00887020457400643","0.969861756688113","0.0001","TRUE"
"J18_BASE_C2C6","janela completa 1989-2025","TRUE","Corrigir o direcionamento por SUBSETTING (C6, so esforco da tatica-cavala) em vez de por PADRONIZACAO (C5) muda a conclusao?","J3 (padronizacao) e J19 (mesmo indice C6, sem ancora).","sensibilidade: troca C5 (padronizada) por C6 (nominal, so esforco dirigido) no caso base","C2_nominal_pre_alvo+C6_nominal_dirigida","1989-2025","Schaefer","range [0.20, 0.80] (mediana 0.40)","range [3015, 92821] t (mediana 16729)","lnorm(0.90, CV 0.25) - estoque pouco explorado em 1989","35","77.5","1.02","-244.1","2025","1.92135132392698","1.51079013401016","2.21955468707515","0.00952718202591496","0.960675661963492","0.0009","TRUE"
"J13_C5curto_base","janela curta 2015-2025","TRUE","Sem nenhuma ancora historica (nem indice nem captura): o que os 10 anos recentes dizem sozinhos?","J5 (mesmo indice, com a captura historica) e J19 (mesma janela, indice C6).","JANELA CURTA 2015-2025: só C5, sem âncora na série histórica","C5_padronizada_com_tatica","2015-2025","Schaefer","range [0.20, 0.80] (mediana 0.40)","range [806, 25384] t (mediana 4523)","lnorm(0.50, CV 0.60) - VAGO: nao se sabe a depleção em 2015","10","88.3","1.03","-84.7","2025","0.240984163317125","0.0838200535352345","0.96195747434842","0.513246009890387","0.120492081658562","0.9782","TRUE"
"J14_C5curto_rBaixo","janela curta 2015-2025","TRUE","Na janela curta, o resultado vem do dado ou da prior de r? Lado menos produtivo.","J13 e J15.","janela curta: prior de r mais baixo","C5_padronizada_com_tatica","2015-2025","Schaefer","range [0.10, 0.50] (mediana 0.22)","range [806, 25384] t (mediana 4523)","lnorm(0.50, CV 0.60) - VAGO: nao se sabe a depleção em 2015","10","93.7","1","-85.1","2025","0.255542326516695","0.0745344249530397","1.07941037501393","0.662869724453796","0.127771163258347","0.9647","TRUE"
"J15_C5curto_rAlto","janela curta 2015-2025","TRUE","Na janela curta, o resultado vem do dado ou da prior de r? Lado mais produtivo.","J13 e J14.","janela curta: prior de r mais alto","C5_padronizada_com_tatica","2015-2025","Schaefer","range [0.40, 1.20] (mediana 0.69)","range [806, 25384] t (mediana 4523)","lnorm(0.50, CV 0.60) - VAGO: nao se sabe a depleção em 2015","10","81.6","1.17","-85.6","2025","0.240224159960847","0.11185620154066","0.62953768585762","0.442086609935086","0.120112079980423","0.9982","TRUE"
"J16_C5curto_kBaixo","janela curta 2015-2025","TRUE","Na janela curta, o resultado vem do dado ou da prior de K? Estoque menor.","J13 e J17.","janela curta: prior de K mais baixo (ancorado na captura 2015-2025)","C5_padronizada_com_tatica","2015-2025","Schaefer","range [0.20, 0.80] (mediana 0.40)","range [806, 3385] t (mediana 1652)","lnorm(0.50, CV 0.60) - VAGO: nao se sabe a depleção em 2015","10","90.2","1.03","-83.3","2025","0.377755442728217","0.112416830185455","0.980583472797237","0.416407638205101","0.188877721364108","0.9766","TRUE"
"J17_C5curto_kAlto","janela curta 2015-2025","TRUE","Na janela curta, o resultado vem do dado ou da prior de K? Estoque maior.","J13 e J16.","janela curta: prior de K mais alto (ancorado na captura 2015-2025)","C5_padronizada_com_tatica","2015-2025","Schaefer","range [0.20, 0.80] (mediana 0.40)","range [8461, 42307] t (mediana 18920)","lnorm(0.50, CV 0.60) - VAGO: nao se sabe a depleção em 2015","10","90.6","0.96","-80.2","2025","0.172887704002384","0.0501893562427322","1.97218973253447","0.494820580475481","0.0864438520011919","0.8588","TRUE"
"J19_C6curto_base","janela curta 2015-2025","TRUE","Na janela curta, trocar o indice padronizado (C5) pelo nominal dirigido (C6) muda a conclusao?","J13 (mesma janela, indice padronizado) e J18 (mesmo indice, com ancora historica).","JANELA CURTA 2015-2025: par do J13 trocando C5 por C6 (esforco dirigido)","C6_nominal_dirigida","2015-2025","Schaefer","range [0.20, 0.80] (mediana 0.40)","range [806, 25384] t (mediana 4523)","lnorm(0.50, CV 0.60) - VAGO: nao se sabe a depleção em 2015","10","67.2","0.95","-89","2025","0.146371223452068","0.0504234088114875","0.507807173507896","0.841975377005002","0.0731856117260339","0.9993","TRUE"
