"","B","F","BBmsy","FFmsy","BB0","procB","SPt"
"2015",2464.70814457914,0.257036329658545,0.470451064486708,1.8557586320249,0.235225532243354,-0.00660143131814561,0
"2016",2317.03871812983,0.28103092124864,0.443807564187712,2.01816812432083,0.221903782093856,0.00160573115326668,523.94112342013
"2017",2111.51712381662,0.320609824932689,0.408757861417178,2.29230612758914,0.204378930708589,-0.00327565561343546,481.952146878806
"2018",1838.18714877009,0.308380027194896,0.356428916783149,2.18960220091218,0.178214458391574,-0.00877176057689566,422.233442540199
"2019",1639.92771065893,0.54516663987862,0.320336502920708,3.84355689811679,0.160168251460354,-0.00764419698982599,386.971109861175
"2020",1064.21758919781,0.409329672918879,0.208886201775081,2.95061059116564,0.10444310088754,-0.00973583812730938,293.270790246871
"2021",850.700491849901,0.185278031603982,0.169505854339544,1.35088203236657,0.0847529271697719,-0.0114203274165934,227.664258394167
"2022",885.436247250893,0.1923578820406,0.178601660644118,1.37663669513859,0.0893008303220591,-0.00664084066531459,202.381508679678
"2023",928.710955967362,0.257172763213982,0.188479673826693,1.80615736621017,0.0942398369133465,0.0033502521020826,225.112257461798
"2024",916.400637578892,0.305045835242977,0.186452124809827,2.15823400746914,0.0932260624049136,0.00408035384941469,241.779697899575
"2025",855.325622314125,0.0705323386667704,0.172887704002384,0.494820580475481,0.0864438520011919,0.00184835845221731,229.619657968114
