"tempo","cenario","indice","cv","cv_origem","fonte","engenhos_agregados"
"1989","C1 nominal 1989-2025","0.72403190724283","0.2","piso (fonte agregada)","Historico 1989-2014 (agregado)","FALSE"
"1990","C1 nominal 1989-2025","0.920817601176697","0.2","piso (fonte agregada)","Historico 1989-2014 (agregado)","FALSE"
"1991","C1 nominal 1989-2025","0.420989750308951","0.2","piso (fonte agregada)","Historico 1989-2014 (agregado)","FALSE"
"1992","C1 nominal 1989-2025","2.77424458808301","0.2","piso (fonte agregada)","Historico 1989-2014 (agregado)","FALSE"
"1993","C1 nominal 1989-2025","0.516397872274933","0.2","piso (fonte agregada)","Historico 1989-2014 (agregado)","FALSE"
"1994","C1 nominal 1989-2025","0.477252255968021","0.2","piso (fonte agregada)","Historico 1989-2014 (agregado)","TRUE"
"1995","C1 nominal 1989-2025","0.560923634062302","0.2","piso (fonte agregada)","Historico 1989-2014 (agregado)","TRUE"
"1996","C1 nominal 1989-2025","0.56554187650859","0.2","piso (fonte agregada)","Historico 1989-2014 (agregado)","TRUE"
"1997","C1 nominal 1989-2025","1.05952408998","0.2","piso (fonte agregada)","Historico 1989-2014 (agregado)","TRUE"
"1998","C1 nominal 1989-2025","0.70440379726065","0.2","piso (fonte agregada)","Historico 1989-2014 (agregado)","TRUE"
"1999","C1 nominal 1989-2025","0.546850307371389","0.2","piso (fonte agregada)","Historico 1989-2014 (agregado)","TRUE"
"2000","C1 nominal 1989-2025","0.603323627187232","0.2","piso (fonte agregada)","Historico 1989-2014 (agregado)","FALSE"
"2001","C1 nominal 1989-2025","0.851804662235567","0.2","piso (fonte agregada)","Historico 1989-2014 (agregado)","FALSE"
"2002","C1 nominal 1989-2025","1.17406942189749","0.2","piso (fonte agregada)","Historico 1989-2014 (agregado)","FALSE"
"2003","C1 nominal 1989-2025","1.09658177323984","0.2","piso (fonte agregada)","Historico 1989-2014 (agregado)","FALSE"
"2004","C1 nominal 1989-2025","1.37769385964637","0.2","piso (fonte agregada)","Historico 1989-2014 (agregado)","FALSE"
"2005","C1 nominal 1989-2025","4.15518568624537","0.2","piso (fonte agregada)","Historico 1989-2014 (agregado)","FALSE"
"2006","C1 nominal 1989-2025","4.30807251568091","0.2","piso (fonte agregada)","Historico 1989-2014 (agregado)","FALSE"
"2007","C1 nominal 1989-2025","1.9676593607098","0.2","piso (fonte agregada)","Historico 1989-2014 (agregado)","FALSE"
"2008","C1 nominal 1989-2025","1.53101268017425","0.2","piso (fonte agregada)","Historico 1989-2014 (agregado)","FALSE"
"2009","C1 nominal 1989-2025","0.849354231878906","0.2","piso (fonte agregada)","Historico 1989-2014 (agregado)","FALSE"
"2010","C1 nominal 1989-2025","0.810981338487254","0.2","piso (fonte agregada)","Historico 1989-2014 (agregado)","FALSE"
"2011","C1 nominal 1989-2025","1.25416579351311","0.2","piso (fonte agregada)","Historico 1989-2014 (agregado)","FALSE"
"2012","C1 nominal 1989-2025","1.45321542568438","0.2","piso (fonte agregada)","Historico 1989-2014 (agregado)","FALSE"
"2014","C1 nominal 1989-2025","0.516531776019058","0.2","piso (fonte agregada)","Historico 1989-2014 (agregado)","TRUE"
"2015","C1 nominal 1989-2025","0.389001935455556","0.367062565286517","empirico","IMar viagem","FALSE"
"2016","C1 nominal 1989-2025","0.708706238277653","0.221693718480314","empirico","IMar viagem","FALSE"
"2017","C1 nominal 1989-2025","0.560427453668442","0.104310663792962","empirico","IMar viagem","FALSE"
"2019","C1 nominal 1989-2025","0.765470673977547","0.147968156983437","empirico","IMar viagem","FALSE"
"2020","C1 nominal 1989-2025","0.450623191398806","0.125470338741392","empirico","IMar viagem","FALSE"
"2021","C1 nominal 1989-2025","0.140966609757573","0.238938252353585","empirico","IMar viagem","FALSE"
"2022","C1 nominal 1989-2025","0.134646435911532","0.218257648357655","empirico","IMar viagem","FALSE"
"2023","C1 nominal 1989-2025","0.209870461356784","0.141647466799783","empirico","IMar viagem","FALSE"
"2024","C1 nominal 1989-2025","0.3070125128758","0.155298330348711","empirico","IMar viagem","FALSE"
"2025","C1 nominal 1989-2025","0.112644654483389","0.192862690252015","empirico","IMar viagem","FALSE"
"1989","C2 nominal pre-alvo (<=2014)","0.579770420327423","0.2","piso (fonte agregada)","Historico 1989-2014 (agregado)","FALSE"
"1990","C2 nominal pre-alvo (<=2014)","0.737347073158826","0.2","piso (fonte agregada)","Historico 1989-2014 (agregado)","FALSE"
"1991","C2 nominal pre-alvo (<=2014)","0.33710863022546","0.2","piso (fonte agregada)","Historico 1989-2014 (agregado)","FALSE"
"1992","C2 nominal pre-alvo (<=2014)","2.22148352142238","0.2","piso (fonte agregada)","Historico 1989-2014 (agregado)","FALSE"
"1993","C2 nominal pre-alvo (<=2014)","0.413506930385338","0.2","piso (fonte agregada)","Historico 1989-2014 (agregado)","FALSE"
"1994","C2 nominal pre-alvo (<=2014)","0.382160976991295","0.2","piso (fonte agregada)","Historico 1989-2014 (agregado)","TRUE"
"1995","C2 nominal pre-alvo (<=2014)","0.449161049172957","0.2","piso (fonte agregada)","Historico 1989-2014 (agregado)","TRUE"
"1996","C2 nominal pre-alvo (<=2014)","0.452859118743474","0.2","piso (fonte agregada)","Historico 1989-2014 (agregado)","TRUE"
"1997","C2 nominal pre-alvo (<=2014)","0.848416652428988","0.2","piso (fonte agregada)","Historico 1989-2014 (agregado)","TRUE"
"1998","C2 nominal pre-alvo (<=2014)","0.564053160548174","0.2","piso (fonte agregada)","Historico 1989-2014 (agregado)","TRUE"
"1999","C2 nominal pre-alvo (<=2014)","0.43789179646548","0.2","piso (fonte agregada)","Historico 1989-2014 (agregado)","TRUE"
"2000","C2 nominal pre-alvo (<=2014)","0.483112953212009","0.2","piso (fonte agregada)","Historico 1989-2014 (agregado)","FALSE"
"2001","C2 nominal pre-alvo (<=2014)","0.682084784000469","0.2","piso (fonte agregada)","Historico 1989-2014 (agregado)","FALSE"
"2002","C2 nominal pre-alvo (<=2014)","0.940139122900266","0.2","piso (fonte agregada)","Historico 1989-2014 (agregado)","FALSE"
"2003","C2 nominal pre-alvo (<=2014)","0.878090688041223","0.2","piso (fonte agregada)","Historico 1989-2014 (agregado)","FALSE"
"2004","C2 nominal pre-alvo (<=2014)","1.10319191751007","0.2","piso (fonte agregada)","Historico 1989-2014 (agregado)","FALSE"
"2005","C2 nominal pre-alvo (<=2014)","3.32727567356367","0.2","piso (fonte agregada)","Historico 1989-2014 (agregado)","FALSE"
"2006","C2 nominal pre-alvo (<=2014)","3.44970019723129","0.2","piso (fonte agregada)","Historico 1989-2014 (agregado)","FALSE"
"2007","C2 nominal pre-alvo (<=2014)","1.5756083167165","0.2","piso (fonte agregada)","Historico 1989-2014 (agregado)","FALSE"
"2008","C2 nominal pre-alvo (<=2014)","1.22596235916098","0.2","piso (fonte agregada)","Historico 1989-2014 (agregado)","FALSE"
"2009","C2 nominal pre-alvo (<=2014)","0.680122595561461","0.2","piso (fonte agregada)","Historico 1989-2014 (agregado)","FALSE"
"2010","C2 nominal pre-alvo (<=2014)","0.649395402038213","0.2","piso (fonte agregada)","Historico 1989-2014 (agregado)","FALSE"
"2011","C2 nominal pre-alvo (<=2014)","1.00427649940779","0.2","piso (fonte agregada)","Historico 1989-2014 (agregado)","FALSE"
"2012","C2 nominal pre-alvo (<=2014)","1.16366600663188","0.2","piso (fonte agregada)","Historico 1989-2014 (agregado)","FALSE"
"2014","C2 nominal pre-alvo (<=2014)","0.413614154154399","0.2","piso (fonte agregada)","Historico 1989-2014 (agregado)","TRUE"
"2015","C3 nominal pos-alvo (>=2015)","1.02927715002723","0.367062565286517","empirico","IMar viagem","FALSE"
"2016","C3 nominal pos-alvo (>=2015)","1.87519667810055","0.221693718480314","empirico","IMar viagem","FALSE"
"2017","C3 nominal pos-alvo (>=2015)","1.48285938894712","0.104310663792962","empirico","IMar viagem","FALSE"
"2019","C3 nominal pos-alvo (>=2015)","2.02539216885478","0.147968156983437","empirico","IMar viagem","FALSE"
"2020","C3 nominal pos-alvo (>=2015)","1.19232351282769","0.125470338741392","empirico","IMar viagem","FALSE"
"2021","C3 nominal pos-alvo (>=2015)","0.372989687494377","0.238938252353585","empirico","IMar viagem","FALSE"
"2022","C3 nominal pos-alvo (>=2015)","0.356266864467001","0.218257648357655","empirico","IMar viagem","FALSE"
"2023","C3 nominal pos-alvo (>=2015)","0.555305387072788","0.141647466799783","empirico","IMar viagem","FALSE"
"2024","C3 nominal pos-alvo (>=2015)","0.81233776871942","0.155298330348711","empirico","IMar viagem","FALSE"
"2025","C3 nominal pos-alvo (>=2015)","0.298051393489046","0.192862690252015","empirico","IMar viagem","FALSE"
"2015","C4 padronizada SEM tatica","0.623866425642353","0.436880354835156","modelo","IMar viagem (padronizado)","FALSE"
"2016","C4 padronizada SEM tatica","2.30779005560206","0.230575513701666","modelo","IMar viagem (padronizado)","FALSE"
"2017","C4 padronizada SEM tatica","2.19281249714293","0.150007267628014","modelo","IMar viagem (padronizado)","FALSE"
"2019","C4 padronizada SEM tatica","1.81046005295024","0.159652531800515","modelo","IMar viagem (padronizado)","FALSE"
"2020","C4 padronizada SEM tatica","0.864075080653918","0.167440781709113","modelo","IMar viagem (padronizado)","FALSE"
"2021","C4 padronizada SEM tatica","0.309369003938758","0.209685874903748","modelo","IMar viagem (padronizado)","FALSE"
"2022","C4 padronizada SEM tatica","0.305931889654213","0.21773886266953","modelo","IMar viagem (padronizado)","FALSE"
"2023","C4 padronizada SEM tatica","0.519818594886869","0.186630247811404","modelo","IMar viagem (padronizado)","FALSE"
"2024","C4 padronizada SEM tatica","0.634737955375701","0.188876176360262","modelo","IMar viagem (padronizado)","FALSE"
"2025","C4 padronizada SEM tatica","0.43113844415297","0.271999131140379","modelo","IMar viagem (padronizado)","FALSE"
"2015","C5 padronizada COM tatica","0.537998123650779","0.456089240946876","modelo","IMar viagem (padronizado)","FALSE"
"2016","C5 padronizada COM tatica","2.10878287508547","0.243964718169836","modelo","IMar viagem (padronizado)","FALSE"
"2017","C5 padronizada COM tatica","2.22605939504461","0.159339496290088","modelo","IMar viagem (padronizado)","FALSE"
"2019","C5 padronizada COM tatica","1.81641878294639","0.166942470717027","modelo","IMar viagem (padronizado)","FALSE"
"2020","C5 padronizada COM tatica","0.912011490862897","0.176308487205925","modelo","IMar viagem (padronizado)","FALSE"
"2021","C5 padronizada COM tatica","0.373854391553696","0.212266562209656","modelo","IMar viagem (padronizado)","FALSE"
"2022","C5 padronizada COM tatica","0.309113056297996","0.222901512600094","modelo","IMar viagem (padronizado)","FALSE"
"2023","C5 padronizada COM tatica","0.518071958047481","0.193649586432399","modelo","IMar viagem (padronizado)","FALSE"
"2024","C5 padronizada COM tatica","0.617218091879895","0.19714378353125","modelo","IMar viagem (padronizado)","FALSE"
"2025","C5 padronizada COM tatica","0.580471834630786","0.275487610893539","modelo","IMar viagem (padronizado)","FALSE"
"2015","C6 nominal esforco dirigido","1.61358559434444","0.391784500049876","empirico (subconjunto dirigido)","IMar viagem (so tatica-cavala)","FALSE"
"2016","C6 nominal esforco dirigido","1.81799864480854","0.295355052065225","empirico (subconjunto dirigido)","IMar viagem (so tatica-cavala)","FALSE"
"2017","C6 nominal esforco dirigido","1.84521342407624","0.2","empirico (subconjunto dirigido)","IMar viagem (so tatica-cavala)","FALSE"
"2019","C6 nominal esforco dirigido","1.54918865246899","0.2","empirico (subconjunto dirigido)","IMar viagem (so tatica-cavala)","FALSE"
"2020","C6 nominal esforco dirigido","1.18436768305518","0.2","empirico (subconjunto dirigido)","IMar viagem (so tatica-cavala)","FALSE"
"2021","C6 nominal esforco dirigido","0.216173688735538","0.303637459758497","empirico (subconjunto dirigido)","IMar viagem (so tatica-cavala)","FALSE"
"2022","C6 nominal esforco dirigido","0.414415276604563","0.24766941118219","empirico (subconjunto dirigido)","IMar viagem (so tatica-cavala)","FALSE"
"2023","C6 nominal esforco dirigido","0.345338956122933","0.237811913318044","empirico (subconjunto dirigido)","IMar viagem (so tatica-cavala)","FALSE"
"2024","C6 nominal esforco dirigido","0.668797209563936","0.25532506709909","empirico (subconjunto dirigido)","IMar viagem (so tatica-cavala)","FALSE"
"2025","C6 nominal esforco dirigido","0.344920870219636","0.363512152477396","empirico (subconjunto dirigido)","IMar viagem (so tatica-cavala)","FALSE"
