"stock_group","stock_base","scenario","yr","B.Bmsy","F.Fmsy","bbmsy_text","ffmsy_text","status"
"Decapterus macarellus_NA","Decapterus macarellus","NN_CMSY_Euler-lotka methods",2023,0.266303951561274,0.867080838310828,"0.27 (0.09-0.51)","0.87 (0.23-6.93)","Overfished but not overfishing"
"Decapterus macarellus_NA","Decapterus macarellus","NN_CMSY_Higher resilience",2023,0.263298039493454,0.809412226015187,"0.26 (0.10-0.53)","0.81 (0.20-6.04)","Overfished but not overfishing"
"Decapterus macarellus_NA","Decapterus macarellus","NN_CMSY_lower resilience",2023,0.33042124783202,0.568003103942048,"0.33 (0.16-0.60)","0.57 (0.18-2.71)","Overfished but not overfishing"
"Decapterus macarellus_NA","Decapterus macarellus","NN_CMSY_Non-informative_r",2023,0.304408155614677,0.722072275311281,"0.30 (0.12-0.54)","0.72 (0.22-4.98)","Overfished but not overfishing"
"Decapterus macarellus_NA","Decapterus macarellus","Target_switch_Euler-lotka methods",2023,0.555173185917759,0.228520515609581,"0.56 (0.12-1.00)","0.23 (0.10-4.29)","Overfished but not overfishing"
"Decapterus macarellus_NA","Decapterus macarellus","Target_switch_Higher resilience",2023,0.445448870887135,0.281060838710632,"0.45 (0.07-1.01)","0.28 (0.10-11.57)","Overfished but not overfishing"
"Decapterus macarellus_NA","Decapterus macarellus","Target_switch_lower resilience",2023,0.550655321616103,0.222827634236926,"0.55 (0.24-0.90)","0.22 (0.10-1.13)","Overfished but not overfishing"
"Decapterus macarellus_NA","Decapterus macarellus","Target_switch_Non-informative_r",2023,0.555583875124694,0.231390853025768,"0.56 (0.19-0.95)","0.23 (0.11-1.76)","Overfished but not overfishing"
"Decapterus macarellus_NA","Decapterus macarellus","Uninformative_bk_Euler-lotka methods",2023,0.775634495510379,0.158728896499541,"0.78 (0.15-1.34)","0.16 (0.08-2.63)","Overfished but not overfishing"
"Decapterus macarellus_NA","Decapterus macarellus","Uninformative_bk_Higher resilience",2023,1.00423228462928,0.113898228280344,"1.00 (0.11-1.69)","0.11 (0.06-4.25)","Neither overfishing nor overfished"
"Decapterus macarellus_NA","Decapterus macarellus","Uninformative_bk_lower resilience",2023,0.641147502160936,0.170203922057932,"0.64 (0.23-1.18)","0.17 (0.07-1.04)","Overfished but not overfishing"
"Decapterus macarellus_NA","Decapterus macarellus","Uninformative_bk_Non-informative_r",2023,0.674586997685466,0.185441246419058,"0.67 (0.21-1.18)","0.19 (0.08-1.51)","Overfished but not overfishing"
"Decapterus macarellus_NA","Decapterus macarellus","zBRT_Euler-lotka methods",2023,0.397443028011084,0.395934188283469,"0.40 (0.12-0.82)","0.40 (0.14-4.41)","Overfished but not overfishing"
"Decapterus macarellus_NA","Decapterus macarellus","zBRT_Higher resilience",2023,0.387535458690153,0.372342111460795,"0.39 (0.09-0.99)","0.37 (0.11-6.43)","Overfished but not overfishing"
"Decapterus macarellus_NA","Decapterus macarellus","zBRT_lower resilience",2023,0.524907852034578,0.252543334467288,"0.52 (0.20-0.90)","0.25 (0.11-1.68)","Overfished but not overfishing"
"Decapterus macarellus_NA","Decapterus macarellus","zBRT_Non-informative_r",2023,0.454071689652408,0.330061335101592,"0.45 (0.19-0.84)","0.33 (0.13-1.93)","Overfished but not overfishing"
