"cenario_id","bk_method","r_method","mediana","p2.5","p97.5","n_simulacoes"
"NN_CMSY_Euler-lotka methods","NN_CMSY","Euler-lotka methods",1714.80596598631,1378.98162613127,2087.47677811618,6000
"NN_CMSY_Higher resilience","NN_CMSY","Higher resilience",1938.71455664308,1718.20504236414,2188.08207524227,6000
"NN_CMSY_lower resilience","NN_CMSY","lower resilience",1830.77314894047,1239.93669411971,2746.23848871751,6000
"NN_CMSY_Non-informative_r","NN_CMSY","Non-informative_r",1603.63720526657,1196.33123632338,2207.32400365681,6000
"Target_switch_Euler-lotka methods","Target_switch","Euler-lotka methods",1747.23836191874,1416.97638293167,2134.61477108738,6000
"Target_switch_Higher resilience","Target_switch","Higher resilience",1931.36914457558,1695.61932040972,2210.8156400671,6000
"Target_switch_lower resilience","Target_switch","lower resilience",1791.17962307884,1252.79720109696,2656.61969601529,6000
"Target_switch_Non-informative_r","Target_switch","Non-informative_r",1774.02892791802,1354.43149765361,2400.50024147665,6000
"Uninformative_bk_Euler-lotka methods","Uninformative_bk","Euler-lotka methods",1793.00675609486,1474.91068350872,2190.52236060442,6000
"Uninformative_bk_Higher resilience","Uninformative_bk","Higher resilience",1966.05389237761,1719.78415967083,2231.39314198428,6000
"Uninformative_bk_lower resilience","Uninformative_bk","lower resilience",1861.73623087796,1283.86242899673,2712.54615593791,6000
"Uninformative_bk_Non-informative_r","Uninformative_bk","Non-informative_r",1818.62875737498,1426.04099776232,2435.05114239086,6000
"zBRT_Euler-lotka methods","zBRT","Euler-lotka methods",1750.68423174074,1439.12179850613,2157.10595114464,6000
"zBRT_Higher resilience","zBRT","Higher resilience",1948.45262315996,1719.54037719058,2201.03620973515,6000
"zBRT_lower resilience","zBRT","lower resilience",1836.73413472239,1222.88414108168,2758.24125233602,6000
"zBRT_Non-informative_r","zBRT","Non-informative_r",1756.83554141874,1350.89156350931,2350.88014644271,6000
