"r_euler","r_myers","r_eq6","r_f5","iter","specie"
0.994184525043106,0.784428633370517,0.177556783234781,0.298930161570167,1,"Decapterus macarellus"
NA,1.2639054287497,0.272079792497347,0.406360467632167,2,"Decapterus macarellus"
2.79578527862358,0.858727716272676,0.224801191048597,0.355968423386417,3,"Decapterus macarellus"
NA,0.328827181999647,0.125604750628507,0.244502622016407,4,"Decapterus macarellus"
0.087989383757788,0.435792571339389,0.139126881663947,0.253646416592796,5,"Decapterus macarellus"
1.74131844545505,0.738213440160017,0.200971523844074,0.322925970585498,6,"Decapterus macarellus"
0.179321269379398,0.500072770989292,0.137263792767448,0.244946671446081,7,"Decapterus macarellus"
0.208688693169897,0.405376422984891,0.152618670476265,0.277024544347436,8,"Decapterus macarellus"
1.80781897095898,0.760777766315571,0.20052787926329,0.319445995154718,9,"Decapterus macarellus"
0.743878640098924,0.682140179402587,0.168608557932717,0.281494250824517,10,"Decapterus macarellus"
NA,0.333153381638329,0.0926271919869805,0.185687569747023,11,"Decapterus macarellus"
2.65207168297914,0.843662651975589,0.213243343731411,0.339867808487475,12,"Decapterus macarellus"
0.715617635633954,0.665105081058894,0.174834319903337,0.297586744991363,13,"Decapterus macarellus"
1.56216513764521,0.905559393046445,0.204386009968756,0.331210684349443,14,"Decapterus macarellus"
3.498568414108,0.844223816428017,0.220503802815364,0.346151579385483,15,"Decapterus macarellus"
1.10830274929091,0.805221361591934,0.183457683169726,0.300344778373027,16,"Decapterus macarellus"
NA,1.5862724335232,0.267758924414357,0.40028351238399,17,"Decapterus macarellus"
0.833246020547828,0.632156064011304,0.187404723301932,0.318844907324679,18,"Decapterus macarellus"
0.36896384647422,0.539837808014751,0.139737079869447,0.245745556758742,19,"Decapterus macarellus"
NA,0.868526915656673,0.274305601191126,0.415933819638834,20,"Decapterus macarellus"
2.51785605891083,0.836608607788243,0.220648498019408,0.349873477994148,21,"Decapterus macarellus"
0.755502702192498,0.393502984828679,0.168228938532008,0.281531842566026,22,"Decapterus macarellus"
0.110112073077633,0.418890572807505,0.117213321945549,0.224622405055371,23,"Decapterus macarellus"
NA,1.06034054670734,0.234264959719633,0.3666899908917,24,"Decapterus macarellus"
0.709558990279768,0.769148581878408,0.19091245089786,0.341968153588944,25,"Decapterus macarellus"
1.92042321986753,1.00977402224006,0.214875223263532,0.345800720750987,26,"Decapterus macarellus"
NA,0.230489659540894,NA,0.0962718754673514,27,"Decapterus macarellus"
0.664608230956459,0.582817881976893,0.15576027951154,0.260600578891872,28,"Decapterus macarellus"
0.852377045947492,0.77541512910794,0.176687401031548,0.296357282730725,29,"Decapterus macarellus"
0.942537742583987,0.705477666352107,0.194256328175137,0.330736364275119,30,"Decapterus macarellus"
NA,0.454535394017134,0.108424574387426,0.206728653982341,31,"Decapterus macarellus"
NA,1.30901569393948,0.259422202663768,0.39408798348961,32,"Decapterus macarellus"
NA,1.39919096144842,0.276411168238456,0.408883035494142,33,"Decapterus macarellus"
3.91411896745683,1.09643397804119,0.232743057640849,0.368128050052284,34,"Decapterus macarellus"
1.53957718944995,0.617183340568374,0.19252541121838,0.311589370249293,35,"Decapterus macarellus"
0.405268119831063,0.624606302599006,0.17685344004116,0.324238183493073,36,"Decapterus macarellus"
0.154018930119295,0.584829919551342,0.13564956296149,0.245901756731298,37,"Decapterus macarellus"
2.72040566141298,0.831494189581221,0.226271892339176,0.394401837122414,38,"Decapterus macarellus"
0.485971937023995,0.430955724440637,0.154390103832307,0.264733936184517,39,"Decapterus macarellus"
NA,0.462226763948757,0.0892710668277815,0.181386823519509,40,"Decapterus macarellus"
0.35469343735079,0.559514769359326,0.146405901941635,0.254778943483194,41,"Decapterus macarellus"
0.589970392276281,0.481206064568742,0.172612507582224,0.298839400684996,42,"Decapterus macarellus"
0.163420188961075,0.498403134459931,0.147966919056321,0.269726380188873,43,"Decapterus macarellus"
3.28994145892488,0.624984859343178,0.233405081046402,0.380627261112879,44,"Decapterus macarellus"
0.636267325677389,0.59402124548124,0.150557236550099,0.254200158910477,45,"Decapterus macarellus"
1.23842801402533,0.789997597993646,0.180071751775675,0.293230516577033,46,"Decapterus macarellus"
0.144903911849287,0.468015681836642,0.149444646373361,0.274066360334353,47,"Decapterus macarellus"
NA,0.899186215255171,0.269879078161601,0.413067066108762,48,"Decapterus macarellus"
NA,0.843361217747426,0.255335300952023,0.401591008923882,49,"Decapterus macarellus"
1.5985361588307,1.04284966585792,0.212034227759088,0.348003631453096,50,"Decapterus macarellus"
NA,0.348390702646393,0.0776676151471034,0.168432487333664,51,"Decapterus macarellus"
1.38005161225116,0.677206545340577,0.198888689049487,0.324433597339093,52,"Decapterus macarellus"
1.47929174055569,0.619143849595927,0.199696131811982,0.323972679875737,53,"Decapterus macarellus"
0.00952062661894974,0.494214580980063,0.113415103350859,0.221423168715128,54,"Decapterus macarellus"
0.345686642616056,0.526940946684182,0.141232306994059,0.248905254438902,55,"Decapterus macarellus"
2.36508169140205,0.945116515130533,0.22247028813457,0.355586759780501,56,"Decapterus macarellus"
NA,0.916156912838745,0.274946173000938,0.409821722458882,57,"Decapterus macarellus"
NA,0.378550336385772,0.115474733420114,0.210143650917411,58,"Decapterus macarellus"
1.05780544016175,0.745063879928127,0.18834755279442,0.312381399980143,59,"Decapterus macarellus"
0.726315491557346,0.799707273876318,0.168221855778568,0.28466729882521,60,"Decapterus macarellus"
0.907145558639092,0.68282952139296,0.185283046017605,0.309896696093574,61,"Decapterus macarellus"
0.694751286905037,0.767365633696833,0.185583916414592,0.323839226898904,62,"Decapterus macarellus"
0.41740972437769,0.472325720985034,0.135747708983119,0.2382999008396,63,"Decapterus macarellus"
NA,0.324768921122097,0.104230317251684,0.223385939848943,64,"Decapterus macarellus"
2.55816658525312,0.897125294920345,0.220456127609217,0.349189857781891,65,"Decapterus macarellus"
NA,0.170267750385127,0.0192447520877055,0.138936930193045,66,"Decapterus macarellus"
0.540634061278218,0.685236928420015,0.164598631442876,0.284476115865782,67,"Decapterus macarellus"
NA,0.633943053747599,0.152241174793049,0.292381248825706,68,"Decapterus macarellus"
0.292001950299954,0.520518691216178,0.152893142327434,0.272812201808678,69,"Decapterus macarellus"
3.12649647447699,1.15500069369732,0.2288042514084,0.362499760748835,70,"Decapterus macarellus"
NA,0.415400541201468,0.101463995240583,0.189366290303883,71,"Decapterus macarellus"
0.282767218272605,0.458700630050726,0.134602526733727,0.235875542178622,72,"Decapterus macarellus"
2.47098821555532,0.778255431312784,0.211175012272078,0.333282216059183,73,"Decapterus macarellus"
1.86518854836383,0.885550570989705,0.21340310137882,0.343654193502317,74,"Decapterus macarellus"
0.40359535497038,0.546508005933455,0.160554781413112,0.281088725859029,75,"Decapterus macarellus"
NA,0.32338768129809,0.115727070325423,0.217307062701835,76,"Decapterus macarellus"
0.802565463000096,0.555565863948568,0.17913749201965,0.302821747305828,77,"Decapterus macarellus"
0.646338675689106,0.720211831399225,0.185545956271715,0.328127743514483,78,"Decapterus macarellus"
0.401343034371203,0.624574129296143,0.135679865870153,0.238500120955833,79,"Decapterus macarellus"
2.40092152028957,0.831447383382098,0.226566149165427,0.368442697233812,80,"Decapterus macarellus"
3.24892378444699,0.712284723633343,0.226997887959799,0.356606825164695,81,"Decapterus macarellus"
0.977581471487386,0.6829892438185,0.183437451295432,0.305304426338576,82,"Decapterus macarellus"
0.0856282052630547,0.48097463001352,0.127629024973645,0.23076040279634,83,"Decapterus macarellus"
0.869866330474438,0.866266814904718,0.183665266548364,0.307968633105217,84,"Decapterus macarellus"
0.668466148233871,0.581525784848716,0.18372935772113,0.320480923967672,85,"Decapterus macarellus"
NA,0.265537398208471,0.07662899372554,0.161932376350353,86,"Decapterus macarellus"
NA,1.02527788282503,0.272812802994285,0.414490483239041,87,"Decapterus macarellus"
NA,0.757127716877117,0.222539463747855,0.347661640760407,88,"Decapterus macarellus"
2.35429340790536,0.754784977337581,0.226353320378961,0.369637964873223,89,"Decapterus macarellus"
0.961652316411383,0.636714156565747,0.180863539904836,0.2990442655904,90,"Decapterus macarellus"
NA,1.32098054087198,0.301631509874317,0.451592293107152,91,"Decapterus macarellus"
0.303007002927164,0.5759950935967,0.13744235268535,0.243759464612808,92,"Decapterus macarellus"
NA,0.249543872562709,0.0747080588144197,0.170907271973016,93,"Decapterus macarellus"
1.54949044842899,0.732411746067042,0.211604953413988,0.347834308163492,94,"Decapterus macarellus"
NA,0.775857530920798,0.239042570951855,0.385314909624072,95,"Decapterus macarellus"
NA,0.915692761679946,0.238328460608408,0.369776089776743,96,"Decapterus macarellus"
0.38944166790363,0.706781140213766,0.157846297291228,0.276031220072506,97,"Decapterus macarellus"
1.56973248314674,0.648242728725286,0.21528667300476,0.364576418404645,98,"Decapterus macarellus"
0.389401784596293,0.66086442138368,0.147974079134135,0.256358152819996,99,"Decapterus macarellus"
1.28202110076784,0.93367239592477,0.184877626677257,0.302211427356198,100,"Decapterus macarellus"
3.19829722843267,0.62175565031607,0.230472843718741,0.366444286930279,101,"Decapterus macarellus"
0.481518371790204,0.650652735878693,0.137465620825036,0.239850045646461,102,"Decapterus macarellus"
0.119444973202445,0.479713307255302,0.126262440543106,0.226798663663324,103,"Decapterus macarellus"
NA,0.314445220961181,0.129222579598786,0.240680397647394,104,"Decapterus macarellus"
NA,1.32372645968512,0.273125819679325,0.404543923610933,105,"Decapterus macarellus"
0.562573209172836,0.665387702553646,0.156192429722258,0.268228675272271,106,"Decapterus macarellus"
0.701889261636456,0.519718063626323,0.178366243949555,0.305764479844101,107,"Decapterus macarellus"
0.24073525419022,0.5503544116584,0.137849472841859,0.243334176015387,108,"Decapterus macarellus"
NA,0.305052357491458,0.0592734170884888,0.151889869179269,109,"Decapterus macarellus"
2.49021612131996,0.674952693158044,0.217750484820191,0.343576462996401,110,"Decapterus macarellus"
NA,0.936325293260416,0.253680851375137,0.393639495420276,111,"Decapterus macarellus"
NA,0.997462904711728,0.286504424649965,0.421626410117813,112,"Decapterus macarellus"
0.0314172977153893,0.572909184746389,0.13655042071905,0.253565391866895,113,"Decapterus macarellus"
NA,1.45835871550535,0.294336701903976,0.427967711175966,114,"Decapterus macarellus"
1.87159951223961,1.08529587786981,0.1971679021371,0.316661977311357,115,"Decapterus macarellus"
0.43832358732633,0.633015365411821,0.140274639184685,0.244982410681436,116,"Decapterus macarellus"
1.05288210735187,0.483515710930001,0.183294810840896,0.30314631807693,117,"Decapterus macarellus"
1.14246379216243,0.813715280631911,0.17189984714115,0.284182005833192,118,"Decapterus macarellus"
0.75983324249609,0.761284355680148,0.154849992688644,0.262376615126456,119,"Decapterus macarellus"
0.73920045239116,0.667589575811828,0.1836458140813,0.316203842999052,120,"Decapterus macarellus"
0.992965014357919,1.05951239685851,0.199370766705191,0.344442087501555,121,"Decapterus macarellus"
3.41581823593608,0.899783396114569,0.228227225149879,0.358394309731821,122,"Decapterus macarellus"
1.54056900332276,0.782562690321982,0.208437455475247,0.340538631871673,123,"Decapterus macarellus"
NA,0.260147543242478,0.0711159362773729,0.167389815071481,124,"Decapterus macarellus"
0.613971575218026,0.422444246254563,0.166280433468638,0.284785865861877,125,"Decapterus macarellus"
0.374486594971531,0.709034365710544,0.179309321235842,0.336448172135027,126,"Decapterus macarellus"
NA,1.16902572692137,0.255704791050956,0.388945681228882,127,"Decapterus macarellus"
NA,0.311972152861875,0.0831649957804261,0.170229321281992,128,"Decapterus macarellus"
NA,0.477470634643012,0.118506967961039,0.22609783897388,129,"Decapterus macarellus"
NA,0.432418828291666,0.11189701999785,0.211723722829389,130,"Decapterus macarellus"
NA,0.800778428159379,0.252871443253452,0.400908230363202,131,"Decapterus macarellus"
0.39689426906777,0.604004576022725,0.148767555121491,0.260375369237691,132,"Decapterus macarellus"
0.934412621409779,0.550074870034653,0.189729168247237,0.318470073637298,133,"Decapterus macarellus"
0.252960295266303,0.578268770805883,0.154403961600434,0.276692112904195,134,"Decapterus macarellus"
NA,0.443249828411077,0.112968680458974,0.210313407265556,135,"Decapterus macarellus"
0.745088361870049,0.660629641200047,0.173196418261648,0.293241080982067,136,"Decapterus macarellus"
0.470645925708477,0.590817881261418,0.132823568884632,0.233063793687302,137,"Decapterus macarellus"
NA,0.283447967591729,0.0985047127080064,0.184920853479606,138,"Decapterus macarellus"
0.590283029021163,0.403849181980463,0.175837605428201,0.30625919028487,139,"Decapterus macarellus"
NA,1.11804700259653,0.266475811817855,0.4039989792777,140,"Decapterus macarellus"
0.367842702853323,0.413717458612221,0.150008220591586,0.263703050926453,141,"Decapterus macarellus"
1.16742992110645,0.792435585517857,0.193189914707349,0.318719533474122,142,"Decapterus macarellus"
NA,0.568756115481493,0.103311044656105,0.19420170566382,143,"Decapterus macarellus"
NA,0.396748551186102,0.131009420630504,0.243843925848407,144,"Decapterus macarellus"
1.40258984828362,0.737449503878099,0.208929855473,0.347116046104255,145,"Decapterus macarellus"
NA,0.265104553195698,0.0930492027424702,0.215018571841555,146,"Decapterus macarellus"
NA,1.21528467606199,0.263173709107239,0.394660457977458,147,"Decapterus macarellus"
NA,0.473877923624197,0.113070248689699,0.220147821599106,148,"Decapterus macarellus"
0.735853514037785,0.898173811529472,0.152551439269874,0.264978684139433,149,"Decapterus macarellus"
3.05240156378813,0.946755044789598,0.227831410253588,0.360714244019281,150,"Decapterus macarellus"
0.323062572217901,0.412587203161062,0.128243624658811,0.236206840684871,151,"Decapterus macarellus"
NA,0.34407193030689,0.0951073601391864,0.187581466083085,152,"Decapterus macarellus"
1.37314152111918,0.827859223921761,0.202190590715637,0.331393817356727,153,"Decapterus macarellus"
0.747775430022455,0.689808075088139,0.176401527847099,0.297707971670417,154,"Decapterus macarellus"
0.995309539775418,0.780078201218184,0.178165264684812,0.295519789825301,155,"Decapterus macarellus"
NA,0.487200663961328,0.131785241462223,0.257660153762293,156,"Decapterus macarellus"
0.290488831452676,0.528806022188125,0.143527807447414,0.251995645162993,157,"Decapterus macarellus"
1.34575776199123,0.868748922464267,0.182889179103181,0.29669969721651,158,"Decapterus macarellus"
0.364769895786986,0.426431957732303,0.167864639128596,0.301220237532236,159,"Decapterus macarellus"
0.882691450765842,0.633412873630799,0.195558837387947,0.340514879737735,160,"Decapterus macarellus"
0.20335228548829,0.649038838064814,0.118255572856345,0.215594452767993,161,"Decapterus macarellus"
0.768002567963216,0.528460007359529,0.184985826150632,0.317813728260245,162,"Decapterus macarellus"
NA,0.293003613736155,0.0775624324554083,0.170428948461086,163,"Decapterus macarellus"
NA,1.46591034349717,0.289463872896609,0.428609145137877,164,"Decapterus macarellus"
0.342311259278163,0.576468834305979,0.164783821281374,0.295071418091366,165,"Decapterus macarellus"
0.140454409438819,0.720128816485846,0.152603252048459,0.281511193824372,166,"Decapterus macarellus"
1.48237440237983,0.999345552458142,0.208532645810063,0.341763810284357,167,"Decapterus macarellus"
0.783613147967381,0.657530248025952,0.170362331898198,0.284616690568731,168,"Decapterus macarellus"
0.517287168182457,0.665009655914548,0.163215611916328,0.282751956206603,169,"Decapterus macarellus"
0.387157664451985,0.53044084936821,0.119616558587223,0.214905158131025,170,"Decapterus macarellus"
NA,0.420588695474274,0.097505795428871,0.202246353946192,171,"Decapterus macarellus"
1.03123212336813,0.750320931071498,0.195977807979943,0.329841922678524,172,"Decapterus macarellus"
NA,0.395009075131324,0.11169252025813,0.213751428126453,173,"Decapterus macarellus"
0.211876219220562,0.531663317965554,0.137304313329209,0.252904452017763,174,"Decapterus macarellus"
2.69595011612512,0.716138281668241,0.229294642583598,0.371485876417255,175,"Decapterus macarellus"
0.0116474072295115,0.445519210486279,0.116342583286364,0.210867990738058,176,"Decapterus macarellus"
NA,0.46965943177766,0.114044181894048,0.216397810488703,177,"Decapterus macarellus"
0.218518611881603,0.488226719632012,0.150569764668507,0.272026079876341,178,"Decapterus macarellus"
NA,0.697667151381864,0.248659567191889,0.392384909922093,179,"Decapterus macarellus"
NA,0.381019855299744,0.106774453998301,0.216382787750633,180,"Decapterus macarellus"
0.00949406670449268,0.434480951164271,0.134838612415199,0.256350936770697,181,"Decapterus macarellus"
0.026592069053082,0.429094102678434,0.137524911500774,0.254006470939857,182,"Decapterus macarellus"
0.780517479773848,0.843666633740395,0.179308010671939,0.30408740624378,183,"Decapterus macarellus"
0.81086069075638,0.67682124439879,0.165654414539144,0.278374789763966,184,"Decapterus macarellus"
NA,1.10580387790434,0.281973970952418,0.416391782177007,185,"Decapterus macarellus"
0.993345283109011,0.798516384347886,0.182031425565404,0.302288322849864,186,"Decapterus macarellus"
1.37202000807093,0.642281206361694,0.195817423612906,0.316572236249177,187,"Decapterus macarellus"
1.88653376281577,0.940723184329758,0.204099325237736,0.325202437573877,188,"Decapterus macarellus"
0.373769300484879,0.506686328221711,0.127470515788446,0.226467901007089,189,"Decapterus macarellus"
NA,0.958275639084756,0.243022402797704,0.381285922613251,190,"Decapterus macarellus"
NA,1.05380037303053,0.270735579420586,0.426732382179568,191,"Decapterus macarellus"
0.591488155783403,0.514217667671099,0.189299031739779,0.352073840912723,192,"Decapterus macarellus"
1.05850511310659,0.602147218515521,0.178998266248127,0.300121138180883,193,"Decapterus macarellus"
NA,0.427138339742417,0.112095847650004,0.236157612557756,194,"Decapterus macarellus"
2.97787323606638,0.638586975538382,0.225869794777788,0.356897757837915,195,"Decapterus macarellus"
NA,0.470457646619843,0.111958449796975,0.2117826226118,196,"Decapterus macarellus"
0.792362450401794,1.02975113511282,0.185051096400549,0.31530071384155,197,"Decapterus macarellus"
0.734434646205468,0.59684265705788,0.168836153759212,0.285531419127285,198,"Decapterus macarellus"
0.00946837603274485,0.529797938507448,0.131528869501264,0.244736057480374,199,"Decapterus macarellus"
1.4964121884452,0.710378038965719,0.185735557538868,0.302048315555211,200,"Decapterus macarellus"
NA,0.646720775528074,0.143244903911152,0.285733903546137,201,"Decapterus macarellus"
0.721432096504102,0.722961240031632,0.184903334509254,0.319718244112526,202,"Decapterus macarellus"
0.00361792974644776,0.422206060927596,0.0874302268112007,0.167578814583244,203,"Decapterus macarellus"
0.185636202759219,0.580632391884487,0.140944446021599,0.26001178453786,204,"Decapterus macarellus"
1.08653651685128,0.678283442158653,0.174178767676798,0.287925040773474,205,"Decapterus macarellus"
NA,1.28196579154123,0.239471356316828,0.375237470407201,206,"Decapterus macarellus"
2.6898743386137,0.915415152743967,0.204627235209139,0.324267174875648,207,"Decapterus macarellus"
0.726383598063957,0.812307612320605,0.149716144907302,0.255133103105475,208,"Decapterus macarellus"
0.532286792833375,0.58349956272468,0.153093759785885,0.263760555008552,209,"Decapterus macarellus"
NA,1.13467495167768,0.260809997480519,0.391851160021512,210,"Decapterus macarellus"
NA,0.366944276443045,0.0988935337523245,0.196708623612079,211,"Decapterus macarellus"
2.43553274564978,0.982479149016302,0.210306329116608,0.333467911009494,212,"Decapterus macarellus"
0.1203867742897,0.584025675185753,0.142108527567332,0.259989944534186,213,"Decapterus macarellus"
0.675507942426627,0.651925250198802,0.170960256059042,0.29147449221138,214,"Decapterus macarellus"
0.628850960829195,0.77908536847989,0.189702978656816,0.347769391999547,215,"Decapterus macarellus"
NA,1.33183739076602,0.257941779027133,0.388596084008027,216,"Decapterus macarellus"
1.04502514482722,0.729561962465177,0.183062202551079,0.300978477791169,217,"Decapterus macarellus"
0.824953442714073,0.651873362656342,0.159318886401091,0.268342265409967,218,"Decapterus macarellus"
1.34867653279231,0.631059830709467,0.201145654037169,0.328495373741099,219,"Decapterus macarellus"
NA,0.450134004180842,0.120217620800865,0.243315390512491,220,"Decapterus macarellus"
0.628411064768277,0.530737165904994,0.169572245629947,0.290628841000656,221,"Decapterus macarellus"
1.00486226588616,0.646233064054695,0.194531735015349,0.327420720170484,222,"Decapterus macarellus"
NA,0.503837590243457,0.14263307926848,0.280069008776909,223,"Decapterus macarellus"
NA,0.36761334102392,0.107270217416008,0.203547900373655,224,"Decapterus macarellus"
NA,0.265297016646685,0.0924335241000665,0.195364324729373,225,"Decapterus macarellus"
NA,0.981770162507711,0.233249848398898,0.361901190348429,226,"Decapterus macarellus"
0.59739284839871,0.499392495555036,0.165592185055927,0.284099324153887,227,"Decapterus macarellus"
0.86462940210972,0.603487279410926,0.186625281026616,0.31505826621966,228,"Decapterus macarellus"
0.410216015341392,0.652454034893223,0.170275049061412,0.307717388843605,229,"Decapterus macarellus"
0.447027207947664,0.58448873635498,0.165959824177482,0.292087156357061,230,"Decapterus macarellus"
0.668010429770742,0.781638267153375,0.183077747987059,0.31863633196212,231,"Decapterus macarellus"
NA,1.04601430441678,0.234395753606241,0.361057991146262,232,"Decapterus macarellus"
NA,0.394854388356461,0.10331944886317,0.202438779395692,233,"Decapterus macarellus"
NA,0.41888883314709,0.0803858400481283,0.168583325688657,234,"Decapterus macarellus"
0.243940371645907,0.422158949232968,0.112125667682505,0.205933654473759,235,"Decapterus macarellus"
NA,0.437899352696641,0.103743569678934,0.192363724547408,236,"Decapterus macarellus"
1.01170795823982,0.750297088779421,0.191953250154346,0.321786328756987,237,"Decapterus macarellus"
0.491213248466708,0.610357810638139,0.14391108119379,0.249667953652756,238,"Decapterus macarellus"
1.16058347627976,0.510747636327279,0.199170938721223,0.332510278861101,239,"Decapterus macarellus"
1.97169256625354,0.93881576028201,0.215760878469968,0.345569760323811,240,"Decapterus macarellus"
0.539300628306474,0.582532875807384,0.167605760933194,0.288956670473337,241,"Decapterus macarellus"
1.58910831297161,0.64422765645975,0.202104176769339,0.329881208972556,242,"Decapterus macarellus"
0.274073396834732,0.654798590050449,0.136777534978317,0.243515536863309,243,"Decapterus macarellus"
0.346763017645727,0.661947167447783,0.154573954528236,0.273435470883769,244,"Decapterus macarellus"
0.250408596248243,0.587251375731177,0.161846696981322,0.298490410413291,245,"Decapterus macarellus"
2.0222378600533,0.781033422973847,0.212341284642119,0.339207203535295,246,"Decapterus macarellus"
0.212668606624739,0.403980568973828,0.148260568839319,0.267546539947658,247,"Decapterus macarellus"
NA,1.02865402850372,0.303007985424304,0.437840582477145,248,"Decapterus macarellus"
0.185457376052454,0.451564099604341,0.156373832214069,0.287173629458344,249,"Decapterus macarellus"
0.180209963888338,0.688881293274562,0.144213806037167,0.261069689470597,250,"Decapterus macarellus"
0.194415322692508,0.442679938538354,0.118173560444692,0.215647571006591,251,"Decapterus macarellus"
0.130263130472118,0.689685002814016,0.135353335062891,0.246365569953306,252,"Decapterus macarellus"
1.19446850673463,0.766591713077076,0.180639817936039,0.296619188124281,253,"Decapterus macarellus"
0.426783964280428,0.701920188944132,0.142503206068918,0.248829208114091,254,"Decapterus macarellus"
NA,1.19849128987424,0.255090242259761,0.388451156162274,255,"Decapterus macarellus"
0.325136010464645,0.668157081143823,0.161018188846477,0.288438085580206,256,"Decapterus macarellus"
0.458152918689471,0.824127659289509,0.164769216232226,0.288849303328652,257,"Decapterus macarellus"
NA,0.316536205421219,0.093752872487437,0.18929406664888,258,"Decapterus macarellus"
NA,0.366117408142027,0.0950485369943467,0.196717067418649,259,"Decapterus macarellus"
0.307814963707363,0.522519888333473,0.135023919720877,0.235824738705423,260,"Decapterus macarellus"
NA,0.375227788840445,0.0666106537624104,0.15387598773927,261,"Decapterus macarellus"
NA,0.35403988257193,0.102617687982638,0.206958420383108,262,"Decapterus macarellus"
0.499777535046533,0.439364132790878,0.161517515201845,0.280168837785515,263,"Decapterus macarellus"
NA,0.432441315147764,0.112338684814973,0.233832889057577,264,"Decapterus macarellus"
1.40921088060765,0.852654973889354,0.19984215284484,0.325621077294713,265,"Decapterus macarellus"
3.11238731981799,0.943702256854316,0.2217023488049,0.351393023494499,266,"Decapterus macarellus"
0.664982723062453,0.756624000263857,0.176190460679444,0.302816052700789,267,"Decapterus macarellus"
NA,0.442811940567594,0.12015228483348,0.229703393781394,268,"Decapterus macarellus"
1.13011058467455,0.955588674908009,0.197142994738483,0.32882268207532,269,"Decapterus macarellus"
0.690543661526973,0.579921221680902,0.165781534376048,0.28135363817709,270,"Decapterus macarellus"
0.264277045847003,0.466018331497281,0.129315552561747,0.231460263381195,271,"Decapterus macarellus"
0.633641425664848,0.636410937917316,0.172828016659897,0.297086203471046,272,"Decapterus macarellus"
NA,0.451030731758142,0.115935407560333,0.219593662192602,273,"Decapterus macarellus"
0.806761536781583,0.754724691279706,0.178901840151879,0.300451563602589,274,"Decapterus macarellus"
0.558153065745549,0.801854444884604,0.164616811727457,0.283772399970044,275,"Decapterus macarellus"
NA,0.348660468172081,0.0861294709594011,0.184708795585796,276,"Decapterus macarellus"
NA,0.297499149682286,0.0805565915425164,0.16418918030681,277,"Decapterus macarellus"
0.0389831357183695,0.557339826188743,0.117192313834885,0.217979719748371,278,"Decapterus macarellus"
0.3585440608644,0.676099274491289,0.153042584191206,0.267634743186654,279,"Decapterus macarellus"
0.150518041660944,0.462270619183376,0.118656748377432,0.217344362921821,280,"Decapterus macarellus"
0.614706989678864,0.573091539091872,0.154584094386538,0.264265441520325,281,"Decapterus macarellus"
0.876927953203488,0.459877268837403,0.190038479498592,0.324203865527192,282,"Decapterus macarellus"
0.420881007489385,0.416904526953317,0.149599616068701,0.25819919405712,283,"Decapterus macarellus"
0.380777702073622,0.447539495880817,0.130582209945207,0.231033221818294,284,"Decapterus macarellus"
NA,1.31232385057523,0.235656536873671,0.365349322113322,285,"Decapterus macarellus"
0.0728888750900916,0.803282514145617,0.156660577720682,0.296798509187991,286,"Decapterus macarellus"
0.874124681861016,0.749590268477218,0.179235386397254,0.300467373734139,287,"Decapterus macarellus"
0.894540414863055,0.754567334011788,0.185299140478966,0.315667896314839,288,"Decapterus macarellus"
0.481270583121248,0.633453907171845,0.167255479949583,0.292989908237499,289,"Decapterus macarellus"
0.706758962146706,1.16140589952987,0.173916419982239,0.294288556632124,290,"Decapterus macarellus"
0.48281601202732,0.663562214405206,0.14386930673846,0.256233977811708,291,"Decapterus macarellus"
1.32846237373395,0.562495611590255,0.210368241493539,0.362674091091716,292,"Decapterus macarellus"
0.966960846303356,0.911961471039497,0.187197045768315,0.313128770520495,293,"Decapterus macarellus"
0.209694815401159,0.460418759629136,0.137964462285107,0.244896081007286,294,"Decapterus macarellus"
NA,1.05897983490808,0.264393191822347,0.40740602126538,295,"Decapterus macarellus"
NA,1.09332168340826,0.253420197456565,0.38915305567025,296,"Decapterus macarellus"
0.23478605389509,0.63054660788397,0.13947929167611,0.246680679976872,297,"Decapterus macarellus"
1.0786152878694,0.738063782247269,0.201426183587759,0.344269577319285,298,"Decapterus macarellus"
0.159132868975138,0.487904701447608,0.114044321236661,0.204742755174985,299,"Decapterus macarellus"
NA,0.530624994084535,0.120832816543101,0.22623845218405,300,"Decapterus macarellus"
NA,1.15684855371539,0.227514985441816,0.354711731789776,301,"Decapterus macarellus"
NA,0.541378487252088,0.120535112018992,0.226049533608224,302,"Decapterus macarellus"
NA,1.26699314560309,0.266656191135763,0.412327669068812,303,"Decapterus macarellus"
NA,0.183168803801835,NA,0.0949458565997883,304,"Decapterus macarellus"
0.0843412803666408,0.487811540697229,0.102199192777347,0.194232174562928,305,"Decapterus macarellus"
1.75631559467522,0.992253990229325,0.213730639305713,0.347068417643006,306,"Decapterus macarellus"
0.761210268831201,0.628784971283497,0.179818428322634,0.306047758654378,307,"Decapterus macarellus"
NA,0.992535968820095,0.266751628860307,0.425190017131534,308,"Decapterus macarellus"
0.149481326489934,0.436206901692119,0.111248060345862,0.215437562338556,309,"Decapterus macarellus"
0.115221970118824,0.429288230313386,0.129347463571058,0.232698095560318,310,"Decapterus macarellus"
0.198274285954244,0.297852147764578,0.136651742731395,0.245948467146729,311,"Decapterus macarellus"
1.78234606244634,0.906291960347138,0.215659564711223,0.351521014010423,312,"Decapterus macarellus"
NA,0.309216762665142,0.0732090873274415,0.16519037101825,313,"Decapterus macarellus"
0.532838458579052,0.715743876283482,0.171633378511572,0.299870209119541,314,"Decapterus macarellus"
0.412404589448497,0.710767236763302,0.152824214685066,0.267183940970583,315,"Decapterus macarellus"
2.11921996448943,0.767174634896183,0.221747122119118,0.362377477980035,316,"Decapterus macarellus"
0.13759022000195,0.606931043043769,0.141254681198612,0.262504728539192,317,"Decapterus macarellus"
NA,0.555680946955647,0.130738947951227,0.24808081492965,318,"Decapterus macarellus"
NA,1.24246435678615,0.300397961204139,0.448290006540039,319,"Decapterus macarellus"
0.592550164938028,0.709885075491795,0.173796383844972,0.299954234783597,320,"Decapterus macarellus"
4.7508817155432,0.905598827378945,0.22014098048165,0.347360682066123,321,"Decapterus macarellus"
0.417683688027394,0.6855338035216,0.152784318247938,0.266907701746219,322,"Decapterus macarellus"
0.79606914997194,0.761109743674105,0.186542444438385,0.318955466800244,323,"Decapterus macarellus"
1.64629379945643,0.826989370020205,0.201580813951295,0.324846082138411,324,"Decapterus macarellus"
1.52526147119509,1.06463453775722,0.201091975509315,0.324194197766499,325,"Decapterus macarellus"
NA,0.370332048159922,0.0821110875965896,0.165361421200599,326,"Decapterus macarellus"
1.63716494174179,0.802052195879935,0.210766383804699,0.343200580745327,327,"Decapterus macarellus"
2.09836090199281,0.920310333045829,0.216145258236015,0.345530951322571,328,"Decapterus macarellus"
1.81896993765313,0.72077251500993,0.213722246934386,0.344169857462809,329,"Decapterus macarellus"
1.34954713311771,0.900949851429698,0.207821609790078,0.346348199892514,330,"Decapterus macarellus"
4.19273819041007,1.21993347043939,0.229321382621091,0.359574286410029,331,"Decapterus macarellus"
NA,1.13403840979082,0.257602052476965,0.396501370376502,332,"Decapterus macarellus"
0.487837988796378,0.363332478680841,0.165264794286592,0.286641454212756,333,"Decapterus macarellus"
NA,0.85196389073006,0.232783975775052,0.363439113594222,334,"Decapterus macarellus"
0.479489676363252,0.587015688243797,0.14446158382347,0.250793269367225,335,"Decapterus macarellus"
0.432119912633426,0.591065685170469,0.165235841813017,0.291349186572295,336,"Decapterus macarellus"
0.598041689206451,0.727352324963964,0.167043623622918,0.286883676591031,337,"Decapterus macarellus"
NA,0.392723420027107,0.124063294955789,0.22822517177397,338,"Decapterus macarellus"
NA,0.250848030257677,0.0106808952375582,0.155416439738031,339,"Decapterus macarellus"
1.28956152866427,0.77564743532284,0.198220125642841,0.323970274075206,340,"Decapterus macarellus"
0.529114689060911,0.799146912589434,0.173187422003663,0.303768033904465,341,"Decapterus macarellus"
NA,0.32282221112124,0.0979065073638121,0.190126190869815,342,"Decapterus macarellus"
0.741704945057698,0.497563453552144,0.18562103506374,0.321231446670561,343,"Decapterus macarellus"
1.5917239304104,0.835378966885143,0.215602683422866,0.363857540478082,344,"Decapterus macarellus"
0.764961049139817,0.652322866205412,0.178960436691641,0.304032629465639,345,"Decapterus macarellus"
1.34393134407227,0.696040421869876,0.208713781569148,0.350570335302973,346,"Decapterus macarellus"
0.414705886787895,0.53047007808384,0.151990875387508,0.262969723080421,347,"Decapterus macarellus"
NA,0.881100011295028,0.265508447441199,0.402649170525239,348,"Decapterus macarellus"
0.0582324454676161,0.595293597022461,0.13617524405794,0.251380186649144,349,"Decapterus macarellus"
0.747696936803291,0.495153813953447,0.180021977419423,0.307147546416553,350,"Decapterus macarellus"
3.81864971962074,1.224304817981,0.209511365034974,0.330543102346961,351,"Decapterus macarellus"
NA,0.816329511564972,0.241968309031096,0.377236132582267,352,"Decapterus macarellus"
0.458507409064311,0.643028454960829,0.152907135230761,0.262974801599608,353,"Decapterus macarellus"
1.08931720837048,0.871526594144879,0.192486703221673,0.318363754480085,354,"Decapterus macarellus"
0.643623933038886,0.793423248563735,0.182501931961145,0.319818185152124,355,"Decapterus macarellus"
0.278461078479901,0.572024677965169,0.153353147377951,0.274496973671264,356,"Decapterus macarellus"
2.91768111264114,0.554054971673993,0.229915888523287,0.387878923174332,357,"Decapterus macarellus"
1.90437079951418,0.941687784087781,0.208291277221177,0.331947593651882,358,"Decapterus macarellus"
0.914041581601219,0.805027183407692,0.169397785820389,0.280163338949332,359,"Decapterus macarellus"
NA,0.413869263383206,0.0955642112773414,0.210398690247026,360,"Decapterus macarellus"
0.193540609517175,0.476077859273186,0.139011747871025,0.247686670294543,361,"Decapterus macarellus"
0.743995809301229,0.647036695825814,0.186748494835288,0.324225712885221,362,"Decapterus macarellus"
NA,0.336144986409357,0.0593494128572155,0.145312811767292,363,"Decapterus macarellus"
NA,1.00800583743238,0.23605030030351,0.365300076043274,364,"Decapterus macarellus"
0.474006149191695,0.599854681842843,0.168336056385786,0.295841990337008,365,"Decapterus macarellus"
0.980507962981987,0.866166278690472,0.19820339227234,0.340972549066763,366,"Decapterus macarellus"
0.311925706284012,0.619709470907653,0.168108073167769,0.307024514115757,367,"Decapterus macarellus"
0.416058460496046,0.5156528487379,0.145019890721296,0.253282418948532,368,"Decapterus macarellus"
1.15480735379223,0.756520683579683,0.175318658733741,0.289031479716324,369,"Decapterus macarellus"
0.18941669585937,0.521917292838227,0.15854939137475,0.291300204300137,370,"Decapterus macarellus"
2.51552532024264,0.993468261543051,0.223453097342593,0.355803741624572,371,"Decapterus macarellus"
1.01350945719653,0.761750731667703,0.179671389920654,0.29770891175718,372,"Decapterus macarellus"
NA,0.49978439445518,0.0948369253546458,0.190574536788364,373,"Decapterus macarellus"
1.768636149839,0.943810020523267,0.216027237018387,0.353186584997313,374,"Decapterus macarellus"
NA,0.289588579217262,0.0851666929699216,0.177653540059139,375,"Decapterus macarellus"
1.13028444994769,0.845806709485046,0.179881446712282,0.29617699708914,376,"Decapterus macarellus"
0.737112361393706,0.811234807287098,0.174751483090318,0.294722723769722,377,"Decapterus macarellus"
NA,0.290980919047997,0.0836491957465932,0.175232421394039,378,"Decapterus macarellus"
0.227173601656864,0.605307934640681,0.152252728325236,0.275104707905672,379,"Decapterus macarellus"
0.669166386600355,0.616650311296768,0.165994225099244,0.28236919699944,380,"Decapterus macarellus"
NA,1.09432073932389,0.232297259599621,0.360979941644209,381,"Decapterus macarellus"
0.629592325310232,0.574775747201576,0.134126174650954,0.233579082027209,382,"Decapterus macarellus"
0.50760863367803,0.721777043512334,0.157346398831631,0.271994825696768,383,"Decapterus macarellus"
3.29149939266598,1.05128970225192,0.221193541212922,0.347508674791422,384,"Decapterus macarellus"
0.213545940400986,0.530031161678085,0.135657560540506,0.240354410607331,385,"Decapterus macarellus"
1.40172878354799,0.991213848911752,0.196785798555994,0.320114029584536,386,"Decapterus macarellus"
NA,0.33066952129831,0.0682608590390186,0.158921837718287,387,"Decapterus macarellus"
NA,0.456474053914637,0.120714398942341,0.2335514396949,388,"Decapterus macarellus"
NA,0.352478057419025,0.0680722017677282,0.175274136611295,389,"Decapterus macarellus"
1.01751652009536,0.674416772823429,0.176750381542152,0.292797025869235,390,"Decapterus macarellus"
0.0181065939138779,0.576751449007411,0.123902814652825,0.230160401482628,391,"Decapterus macarellus"
0.294022209633688,0.471179042777652,0.127388867647151,0.223305266762379,392,"Decapterus macarellus"
NA,0.320460339440634,0.089956080533683,0.177587688105028,393,"Decapterus macarellus"
1.03602188674566,0.89198200230851,0.179090401229606,0.294192046395017,394,"Decapterus macarellus"
0.129349190043973,0.365456965750617,0.13718817217314,0.247305754263396,395,"Decapterus macarellus"
NA,0.387377376567653,0.0684195187586276,0.143845963193595,396,"Decapterus macarellus"
0.0638985260970896,0.303820896705309,0.129712736920329,0.238792496205226,397,"Decapterus macarellus"
2.40008845890144,1.12122398220274,0.220356165175761,0.349227729902135,398,"Decapterus macarellus"
NA,0.733676932745818,0.14966105197894,0.291050446758175,399,"Decapterus macarellus"
0.474888106400702,0.576743120558248,0.159871924244139,0.278023238386569,400,"Decapterus macarellus"
1.41269351429127,0.528981206115927,0.202236263835609,0.328970686365774,401,"Decapterus macarellus"
1.29123605516536,1.1645724043144,0.186674764357223,0.304899733311426,402,"Decapterus macarellus"
NA,1.26792407893267,0.255907073482584,0.393380047488983,403,"Decapterus macarellus"
2.54156976063841,0.797757753962467,0.22595614373107,0.362000825142314,404,"Decapterus macarellus"
1.26038643140466,0.690955270468984,0.19020596585805,0.311104125203874,405,"Decapterus macarellus"
0.532280756899117,0.634593054152892,0.148755354434276,0.256573271696481,406,"Decapterus macarellus"
NA,0.22435061815824,NA,0.120683771793773,407,"Decapterus macarellus"
3.89024834035239,1.03956356607865,0.230894406329331,0.363520975561396,408,"Decapterus macarellus"
0.0166408362413092,0.448344694728479,0.118131888060934,0.220238216631984,409,"Decapterus macarellus"
0.999799817460541,0.615954490777901,0.186991034330084,0.311532758096646,410,"Decapterus macarellus"
0.812022491086264,0.903944973214175,0.185992583522653,0.31650106711756,411,"Decapterus macarellus"
NA,0.473364401941915,0.107435209019655,0.198804629946262,412,"Decapterus macarellus"
NA,0.27531416015685,0.0723809245493826,0.164904291467369,413,"Decapterus macarellus"
2.27674036324074,0.878015146637003,0.22598514696267,0.373424722017092,414,"Decapterus macarellus"
1.30963282069707,0.877298770227549,0.203813365934033,0.337681192282721,415,"Decapterus macarellus"
0.293279284681853,0.630768678233979,0.144772132659391,0.256990593225923,416,"Decapterus macarellus"
1.1807427955246,0.73934652375741,0.172135149178117,0.284326231646316,417,"Decapterus macarellus"
0.0990760927636335,0.453493608588865,0.131933988782318,0.241381670528137,418,"Decapterus macarellus"
NA,0.483193560783969,0.134046350043236,0.262334889737504,419,"Decapterus macarellus"
NA,1.23778548910974,0.248128568873681,0.417581770884812,420,"Decapterus macarellus"
NA,0.403788699913342,0.0976149507950401,0.194781086279542,421,"Decapterus macarellus"
0.168447337903593,0.563427944968143,0.155779266123399,0.286992120262797,422,"Decapterus macarellus"
2.52460745518018,0.776505152108822,0.206559133842484,0.330915310359227,423,"Decapterus macarellus"
NA,0.888881086888868,0.268606055755954,0.410319023282078,424,"Decapterus macarellus"
0.0136700621886865,0.485329438616566,0.136394520989965,0.252380806963635,425,"Decapterus macarellus"
NA,1.43916550045685,0.29169113488696,0.425981288634593,426,"Decapterus macarellus"
NA,0.944882828882363,0.259942093606539,0.398942288272467,427,"Decapterus macarellus"
0.17184599779444,0.533378259307124,0.150101919356689,0.273810917013823,428,"Decapterus macarellus"
1.42354870007528,0.80267621176817,0.200114069414955,0.324343140879966,429,"Decapterus macarellus"
0.774610022714679,0.566036344261667,0.174182301050458,0.29848564993967,430,"Decapterus macarellus"
NA,0.356790496789673,0.0862783228793863,0.186504102086171,431,"Decapterus macarellus"
0.0490035319303597,0.563233349523179,0.148814520298752,0.277996500425317,432,"Decapterus macarellus"
NA,0.26406061644167,0.0865011860152872,0.179006803306773,433,"Decapterus macarellus"
1.88254098302368,0.954096803838314,0.220687821268473,0.379381153626723,434,"Decapterus macarellus"
0.854349700465977,0.776281839980925,0.168466428930882,0.282142750482539,435,"Decapterus macarellus"
2.3897051171129,1.07327307216116,0.223831569314539,0.357589340198564,436,"Decapterus macarellus"
0.00640153252265122,0.366102580315669,0.131427939902401,0.244692818692686,437,"Decapterus macarellus"
NA,1.1250090279927,0.260099297371026,0.391962399206832,438,"Decapterus macarellus"
NA,0.379164292104008,0.131449638786202,0.252974035791887,439,"Decapterus macarellus"
0.17523187791135,0.540191655179958,0.142089510204599,0.257128302585508,440,"Decapterus macarellus"
NA,0.771809420832249,0.255227473642793,0.388741406464336,441,"Decapterus macarellus"
0.625100737327545,0.697626323911866,0.166839180213497,0.285434983143832,442,"Decapterus macarellus"
NA,0.651213176176672,0.251692930419529,0.399532947786532,443,"Decapterus macarellus"
0.344389019986829,0.491610186586591,0.14341106167907,0.258873678966886,444,"Decapterus macarellus"
NA,1.06127471492494,0.245824723373876,0.378181163324319,445,"Decapterus macarellus"
0.189457866339763,0.507631194897219,0.127296524059777,0.230165940981792,446,"Decapterus macarellus"
NA,0.375323217847755,0.105515813128385,0.209241980375441,447,"Decapterus macarellus"
NA,0.203192922258851,0.0598568002090319,0.150145504391632,448,"Decapterus macarellus"
0.131002746542684,0.67561178800917,0.153032211666516,0.286304999676928,449,"Decapterus macarellus"
0.491419028194542,0.64469581667957,0.178383646559422,0.320650182941617,450,"Decapterus macarellus"
0.648235275035234,0.618603894999101,0.180205113396188,0.313335143906981,451,"Decapterus macarellus"
1.0813957490907,0.706993747964904,0.193774735439607,0.321614379037467,452,"Decapterus macarellus"
NA,1.28817411616829,0.232708133777559,0.360917745977709,453,"Decapterus macarellus"
NA,1.03323387324126,0.245744916487188,0.404732075196097,454,"Decapterus macarellus"
NA,0.466724358226835,0.115908340809571,0.230258169575299,455,"Decapterus macarellus"
NA,0.963925306760918,0.250653798257947,0.391682912877468,456,"Decapterus macarellus"
1.94815905020647,0.914615703389488,0.217678120073169,0.350447928703976,457,"Decapterus macarellus"
1.65468902917987,0.792861902911894,0.199766003148211,0.321787055499941,458,"Decapterus macarellus"
NA,0.598536007300294,0.129039720568195,0.240955966344271,459,"Decapterus macarellus"
NA,0.332445522297464,0.0833335790255126,0.172315955660371,460,"Decapterus macarellus"
1.32948211549463,0.671801789391569,0.186705894887428,0.302601673495492,461,"Decapterus macarellus"
NA,1.29558640383058,0.297323854177017,0.430572909482274,462,"Decapterus macarellus"
1.33291642736259,0.788646797829862,0.203006787610283,0.334660621403312,463,"Decapterus macarellus"
0.613535588772811,0.585037404766648,0.171144581357058,0.294497431985634,464,"Decapterus macarellus"
NA,0.255015540716854,0.0721700239677597,0.163990596353709,465,"Decapterus macarellus"
0.621567399385429,0.819056410840057,0.190159909192881,0.35169779985359,466,"Decapterus macarellus"
1.62119025718974,0.825216571446517,0.185271763321538,0.301120052138422,467,"Decapterus macarellus"
1.61146777986809,0.975059712285712,0.206446179118034,0.33292556079597,468,"Decapterus macarellus"
NA,0.4218830455287,0.111790905490719,0.207476514451491,469,"Decapterus macarellus"
NA,0.489741756859017,0.106606038332084,0.208703463158563,470,"Decapterus macarellus"
NA,1.11803814233519,0.279183362038721,0.438481678715524,471,"Decapterus macarellus"
1.66309863272541,0.911770640264544,0.196413707012131,0.314865134322384,472,"Decapterus macarellus"
NA,0.363952249590677,0.0921654399389318,0.183608412278184,473,"Decapterus macarellus"
3.45128756828877,1.07220454742061,0.224343372296177,0.351076205926122,474,"Decapterus macarellus"
0.958388335667926,0.81996662396195,0.187289848204698,0.313655859599945,475,"Decapterus macarellus"
0.298365066364719,0.657606391830516,0.155643279655806,0.276567484410669,476,"Decapterus macarellus"
0.036019213104372,0.542639287302849,0.142183576252044,0.269119473156479,477,"Decapterus macarellus"
NA,1.28420009492699,0.271070028418602,0.410734408435824,478,"Decapterus macarellus"
NA,0.355794586664249,0.0775860512133536,0.165853865192773,479,"Decapterus macarellus"
0.391064852502774,0.622455170310204,0.166535813901335,0.296965162386717,480,"Decapterus macarellus"
0.409499263037466,0.623664456387388,0.155346021113822,0.272066617679291,481,"Decapterus macarellus"
1.61013977627666,1.0035313417505,0.186832083801442,0.306760882624,482,"Decapterus macarellus"
0.803421314600898,0.770737227246792,0.17727282577394,0.2990616276263,483,"Decapterus macarellus"
0.492444963612238,0.574862382187233,0.163750174225209,0.284961188150278,484,"Decapterus macarellus"
0.400682197680333,0.555819438401049,0.145602298602467,0.254718404827229,485,"Decapterus macarellus"
0.274777501235472,0.568503231341018,0.146711335422961,0.259000373279275,486,"Decapterus macarellus"
NA,0.298997195938159,0.103541883154944,0.204500166962902,487,"Decapterus macarellus"
0.340751221995554,0.414172107379807,0.144568589560961,0.251880581106423,488,"Decapterus macarellus"
0.487193568166753,0.588968757028758,0.174763747791992,0.31073287742915,489,"Decapterus macarellus"
NA,1.16620095883761,0.287787199789023,0.442187425870562,490,"Decapterus macarellus"
0.408823929504415,0.628774470486072,0.128662692447218,0.223211197714168,491,"Decapterus macarellus"
3.17441817979557,0.920973959161698,0.226964959182724,0.358016751804387,492,"Decapterus macarellus"
0.115069696732353,0.742427607825297,0.145212645147947,0.266749858704708,493,"Decapterus macarellus"
0.684989442401202,0.773005457778659,0.160377776707633,0.272256393644064,494,"Decapterus macarellus"
0.288999853290281,0.762490522566591,0.161548911254356,0.290704685283184,495,"Decapterus macarellus"
0.376638550790628,0.497808694965954,0.164321908739513,0.292708469938958,496,"Decapterus macarellus"
0.173236920385558,0.4312714230937,0.137478773343865,0.245659334012698,497,"Decapterus macarellus"
1.68764975160764,0.968389236632603,0.217169671081425,0.362155726881908,498,"Decapterus macarellus"
0.0893444990529065,0.586821330181366,0.138045723141164,0.253479054308256,499,"Decapterus macarellus"
NA,0.424855590596951,0.127768049025503,0.241172010057912,500,"Decapterus macarellus"
0.809881034676795,0.813794484297871,0.189077198353105,0.325083093130616,501,"Decapterus macarellus"
0.438438675847222,0.727177166490843,0.14983114636616,0.25798852524537,502,"Decapterus macarellus"
1.84023914927559,0.533854810183741,0.2177991205849,0.35608097573937,503,"Decapterus macarellus"
NA,0.434402702174863,0.115381478909224,0.229321445863155,504,"Decapterus macarellus"
1.03941234649928,0.812695922128645,0.196820977257758,0.331749996396801,505,"Decapterus macarellus"
NA,0.474449855435642,0.0952853456626609,0.179125410487996,506,"Decapterus macarellus"
1.32522439259961,0.960711019025909,0.204740110896314,0.33946852843269,507,"Decapterus macarellus"
0.847202328355115,0.798597333077855,0.190790017397458,0.331161359135301,508,"Decapterus macarellus"
1.18346371599915,1.06025026605063,0.205043004737459,0.349147711098823,509,"Decapterus macarellus"
0.656318218458412,0.701372883958252,0.184179751236815,0.326258902979805,510,"Decapterus macarellus"
1.27482575617187,0.665499994524493,0.208091778378768,0.354293052552833,511,"Decapterus macarellus"
1.15428470154667,0.758785804791749,0.183187532194695,0.299100086070362,512,"Decapterus macarellus"
0.513507627376421,0.484336218512659,0.178302442517841,0.317710973270281,513,"Decapterus macarellus"
0.747345496614086,0.642130912152527,0.185221836407071,0.318716493453567,514,"Decapterus macarellus"
NA,0.409430998045479,0.106660171209458,0.211479553350499,515,"Decapterus macarellus"
NA,0.258488885883474,0.0751632770198153,0.156672008823259,516,"Decapterus macarellus"
0.650932189956692,0.61320480422192,0.146568077063886,0.247751440823165,517,"Decapterus macarellus"
NA,1.055794619155,0.237394580591593,0.374264843080865,518,"Decapterus macarellus"
NA,0.316332950758871,0.0603926221733087,0.151634589514325,519,"Decapterus macarellus"
NA,0.467347820384676,0.106933813168851,0.205480955683354,520,"Decapterus macarellus"
NA,1.04766673103608,0.251586291671159,0.393103431732082,521,"Decapterus macarellus"
NA,1.19989394403,0.318665822880224,0.45429441039581,522,"Decapterus macarellus"
0.0102544871514558,0.405461810915444,0.142602680957769,0.266464197061684,523,"Decapterus macarellus"
1.89402899474883,0.74456881655185,0.220517637897573,0.363935654890356,524,"Decapterus macarellus"
0.872488512299794,0.505358627701694,0.180436176641055,0.301052219467223,525,"Decapterus macarellus"
2.00613123021666,0.879568827405531,0.210493365065633,0.33611669061594,526,"Decapterus macarellus"
0.591810109485436,0.476391362455458,0.178853670316682,0.312468173402286,527,"Decapterus macarellus"
NA,1.10666317824742,0.256621866199287,0.391914274292941,528,"Decapterus macarellus"
NA,0.416892851278829,0.105383084666445,0.195773948113535,529,"Decapterus macarellus"
1.98772423376064,0.788709853669574,0.206504008167781,0.329756500973592,530,"Decapterus macarellus"
NA,1.20838659140863,0.241177682149133,0.369519678816362,531,"Decapterus macarellus"
0.715151208530794,0.87769272854985,0.161924490322699,0.274161135179934,532,"Decapterus macarellus"
NA,0.287344500485492,0.09613771698092,0.197697311240905,533,"Decapterus macarellus"
0.537347317320962,0.500636455432082,0.147972247200402,0.251875816920248,534,"Decapterus macarellus"
NA,0.430154660182575,0.102102198406607,0.202168717216831,535,"Decapterus macarellus"
0.364203605630376,0.684813432575906,0.155914649785748,0.273308586600971,536,"Decapterus macarellus"
NA,0.208491002733067,0.056704526666941,0.133740266258157,537,"Decapterus macarellus"
0.684474564625612,0.892871666504865,0.169053832843025,0.287499081142452,538,"Decapterus macarellus"
0.327599291793528,0.509241612788528,0.13504770455561,0.239132541289963,539,"Decapterus macarellus"
0.351613933496559,0.44892003266257,0.13574549346304,0.233764435037786,540,"Decapterus macarellus"
0.675461597380519,0.652165396976961,0.177237703311344,0.304609127803216,541,"Decapterus macarellus"
0.433120328905574,0.828043805530253,0.159235962909981,0.283263872280665,542,"Decapterus macarellus"
NA,0.542671328554995,0.107800439178869,0.213386515005003,543,"Decapterus macarellus"
NA,0.352227479179756,0.0995990629294885,0.19745480756889,544,"Decapterus macarellus"
1.84328663714316,0.742369245859811,0.212190384633942,0.339718048224555,545,"Decapterus macarellus"
0.754434640825677,0.6341509426084,0.153466814538108,0.260377299042648,546,"Decapterus macarellus"
0.32106681749696,0.439834450353782,0.148948962601064,0.263642550595104,547,"Decapterus macarellus"
NA,0.955987175043783,0.228547696782222,0.356627608197658,548,"Decapterus macarellus"
8.44914837285068,1.00794989931173,0.231009032532385,0.363750959246365,549,"Decapterus macarellus"
NA,0.354711478169828,0.0767037251580931,0.168725401992052,550,"Decapterus macarellus"
0.382987330394115,0.441926894255276,0.139376438643469,0.23926929580782,551,"Decapterus macarellus"
0.0945240350388627,0.62503042644997,0.160855948105695,0.306304369487211,552,"Decapterus macarellus"
2.45647850166844,0.900373318702228,0.227801539772572,0.379097890144462,553,"Decapterus macarellus"
0.769531677915037,0.71891420596801,0.167484578735504,0.279828952789953,554,"Decapterus macarellus"
0.932136427872637,0.578289172138756,0.178688462901313,0.297819341895716,555,"Decapterus macarellus"
1.62069849583463,0.853843339332694,0.209249698257316,0.340072804861386,556,"Decapterus macarellus"
NA,0.927363913171313,0.234344346930776,0.364148245142091,557,"Decapterus macarellus"
0.77158613872029,0.945258573871424,0.192787299946798,0.342355441980839,558,"Decapterus macarellus"
0.652527461629186,0.653375561759983,0.162004604311761,0.275798232642142,559,"Decapterus macarellus"
0.0149419431433156,0.338773567450097,0.108378956818459,0.199176220830276,560,"Decapterus macarellus"
NA,0.311808208520254,0.081843677493936,0.16878918164121,561,"Decapterus macarellus"
NA,0.684108973712759,0.305064831269412,0.443855859755905,562,"Decapterus macarellus"
1.75380946578564,0.925079912277997,0.215707092035024,0.352774743713264,563,"Decapterus macarellus"
0.0697981165257308,0.656679089500946,0.150873800644351,0.282547429367366,564,"Decapterus macarellus"
0.895613265472447,0.736485161573196,0.18322482209523,0.305936546637886,565,"Decapterus macarellus"
0.388528170208749,0.661069501424959,0.155416891176072,0.270993075919314,566,"Decapterus macarellus"
0.485130697761141,0.562567347445379,0.152118629332262,0.260567123520607,567,"Decapterus macarellus"
0.368892697601775,0.456934363727186,0.162321320349913,0.287238474286053,568,"Decapterus macarellus"
NA,0.249148017246171,0.123286305792335,0.233327201649179,569,"Decapterus macarellus"
0.102956170273042,0.314572174350005,0.119267265254837,0.214955209021686,570,"Decapterus macarellus"
0.593561766168018,0.552474397475108,0.171644363852031,0.296535614573828,571,"Decapterus macarellus"
NA,0.943536206144243,0.257752762818153,0.396742886415825,572,"Decapterus macarellus"
1.15149373814226,0.712340265532038,0.170450260935564,0.279673623113157,573,"Decapterus macarellus"
2.11835179947972,0.830911654986959,0.213615951782834,0.340495974287317,574,"Decapterus macarellus"
NA,0.827419225243723,0.255890345199604,0.39286817567966,575,"Decapterus macarellus"
NA,0.281381289702335,0.0982624889513212,0.187710561260054,576,"Decapterus macarellus"
NA,1.01679366331111,0.262565115436083,0.397617024803665,577,"Decapterus macarellus"
0.961557494137213,0.75335489249259,0.19235356005465,0.325287604153916,578,"Decapterus macarellus"
0.613965683381488,0.470110031467295,0.159499931700874,0.272514051733191,579,"Decapterus macarellus"
NA,0.439532152249453,0.117140902732954,0.222759015541163,580,"Decapterus macarellus"
1.38703970727705,0.536552570757004,0.20867319326671,0.347208677743423,581,"Decapterus macarellus"
0.0210165642041392,0.519319125041925,0.133791401857691,0.248589622148686,582,"Decapterus macarellus"
1.31419199224967,0.959849469057302,0.194755294511894,0.316477221439505,583,"Decapterus macarellus"
NA,0.479116024974733,0.105136333345088,0.216349315960617,584,"Decapterus macarellus"
0.350776997611855,0.503415485944249,0.157455722267407,0.279137895447722,585,"Decapterus macarellus"
0.0241310822185976,0.414773338395147,0.144030304203887,0.273524016704552,586,"Decapterus macarellus"
NA,1.18094566102212,0.254150579611478,0.398083195342227,587,"Decapterus macarellus"
3.91986850578909,1.03708026528553,0.228745461735982,0.361631303661563,588,"Decapterus macarellus"
0.516294244382179,0.625243212080749,0.148242909403739,0.252831245090359,589,"Decapterus macarellus"
1.21128704441236,0.685438382866807,0.194258748390703,0.319601638212938,590,"Decapterus macarellus"
0.505102815330841,0.748597344662644,0.17500008308035,0.309996843930959,591,"Decapterus macarellus"
0.593601912023306,0.500685611548378,0.148089439165408,0.260519409217908,592,"Decapterus macarellus"
0.0669939500620297,0.545209401710484,0.153233061945397,0.288514384819474,593,"Decapterus macarellus"
NA,0.936916781408329,0.248460570335336,0.381914711494309,594,"Decapterus macarellus"
NA,1.16796435158474,0.256621570920542,0.403963008954518,595,"Decapterus macarellus"
NA,0.779392006066832,0.227476166305329,0.355104627537213,596,"Decapterus macarellus"
0.01148742409715,0.394948824360157,0.124330810415021,0.231188508406329,597,"Decapterus macarellus"
0.838152681775222,0.632346311185571,0.16688903712109,0.279881760581084,598,"Decapterus macarellus"
1.40503535574949,0.672402280369042,0.210298464559622,0.353269658034808,599,"Decapterus macarellus"
1.17351208270946,0.597626491487038,0.18045177636305,0.296552875141437,600,"Decapterus macarellus"
NA,1.29345726802988,0.271698805753461,0.412200917492969,601,"Decapterus macarellus"
1.08579016255077,0.779572579486204,0.155807663432556,0.259711341477456,602,"Decapterus macarellus"
NA,0.988049162584072,0.238593137502381,0.375764446333269,603,"Decapterus macarellus"
0.156332427726589,0.592270454437219,0.134828943609105,0.241302399556631,604,"Decapterus macarellus"
NA,1.33247683969903,0.275280551097096,0.410271526716712,605,"Decapterus macarellus"
0.264234611548229,0.479502586217119,0.148717003155739,0.263664980502246,606,"Decapterus macarellus"
NA,0.290998758260974,0.0824070727480814,0.17317642655874,607,"Decapterus macarellus"
0.370653613276531,0.532432577449856,0.139904816375399,0.245978085053782,608,"Decapterus macarellus"
NA,1.37350323046296,0.258838069593514,0.396946655355986,609,"Decapterus macarellus"
0.0881354656759225,0.500232770414872,0.122568376942161,0.221310049956948,610,"Decapterus macarellus"
NA,0.374030695032314,0.107758807345221,0.206180855432208,611,"Decapterus macarellus"
0.0911856085044441,0.451067770561457,0.137083062689228,0.249182340108339,612,"Decapterus macarellus"
0.095710988238507,0.497814779890862,0.132595520650114,0.239877267884609,613,"Decapterus macarellus"
NA,0.961687447503563,0.25545684286149,0.388366297951021,614,"Decapterus macarellus"
NA,0.939081959332646,0.270953289127787,0.413579073854567,615,"Decapterus macarellus"
0.762277556820945,0.677823362014152,0.176944190743401,0.299966231554746,616,"Decapterus macarellus"
0.909547302677311,0.771824031733598,0.179405611600722,0.299724270877468,617,"Decapterus macarellus"
NA,1.12312573741301,0.239007671317597,0.381901853034056,618,"Decapterus macarellus"
0.427334147646591,0.559515028181132,0.149177744304761,0.265917731462448,619,"Decapterus macarellus"
NA,0.979699405439152,0.246689623788784,0.386428525756742,620,"Decapterus macarellus"
NA,0.421323159444584,0.128257114037364,0.250062884789383,621,"Decapterus macarellus"
0.847965689006559,0.703822673920437,0.195829049114266,0.34588229674381,622,"Decapterus macarellus"
NA,0.213027111903927,0.013411400449677,0.105806457712022,623,"Decapterus macarellus"
NA,0.9059748332868,0.264716934795825,0.418877954355744,624,"Decapterus macarellus"
0.42062056394118,0.594397039558615,0.144415447252075,0.252143262333931,625,"Decapterus macarellus"
NA,1.11616619347809,0.25641113631233,0.415366077666771,626,"Decapterus macarellus"
NA,0.343751721547637,0.102357094877106,0.200539573450025,627,"Decapterus macarellus"
NA,0.537556518649448,0.1235376707203,0.23150856087285,628,"Decapterus macarellus"
NA,0.505153056000186,0.1114097984437,0.213747939273168,629,"Decapterus macarellus"
0.341018162808254,0.376678644951298,0.135476642206793,0.235643894052577,630,"Decapterus macarellus"
NA,1.2155986230951,0.243452916954847,0.372635942883144,631,"Decapterus macarellus"
NA,0.405667167579964,0.100287628200062,0.195208252229885,632,"Decapterus macarellus"
0.726010708537981,0.805051064268814,0.171317828641768,0.288272559081017,633,"Decapterus macarellus"
NA,0.159710048461307,NA,0.113460197659851,634,"Decapterus macarellus"
NA,0.187229027251101,0.0561691552104326,0.12776993701733,635,"Decapterus macarellus"
NA,0.337266097775195,0.0818707153569541,0.17654300970181,636,"Decapterus macarellus"
1.89387034957258,0.87291352427963,0.218069048562248,0.353725324150853,637,"Decapterus macarellus"
0.834411655309971,0.679562151584538,0.188612321451023,0.321659463608925,638,"Decapterus macarellus"
2.69603989679208,0.564623781313448,0.224851367214051,0.356981523031421,639,"Decapterus macarellus"
0.302031080884105,0.611500105158004,0.144104561418766,0.261315701244646,640,"Decapterus macarellus"
0.949634080830089,0.510408508541871,0.187298511675938,0.312525753928601,641,"Decapterus macarellus"
NA,1.02474363247875,0.285074230505199,0.420801420029922,642,"Decapterus macarellus"
NA,0.385949062091228,0.0994821361775047,0.197239457853377,643,"Decapterus macarellus"
NA,0.423048106631159,0.136720967897562,0.261288239092854,644,"Decapterus macarellus"
NA,0.41416195330782,0.117277195830502,0.224638176442085,645,"Decapterus macarellus"
0.809165921617813,0.582595257197739,0.181278261362402,0.307021600644448,646,"Decapterus macarellus"
NA,0.353780845306594,0.0940807619675609,0.191706439359433,647,"Decapterus macarellus"
0.261255360525953,0.636813529829311,0.141910882136583,0.250176606036528,648,"Decapterus macarellus"
NA,0.45881573353434,0.116512312364982,0.225949242265876,649,"Decapterus macarellus"
NA,0.475254865107584,0.105949373110506,0.211688692005063,650,"Decapterus macarellus"
NA,0.552968360757545,0.119320501824182,0.229473231329004,651,"Decapterus macarellus"
NA,0.436104061048034,0.0823186617437598,0.175947248862444,652,"Decapterus macarellus"
0.40754425077741,0.532664169642268,0.152366901399457,0.266524285754333,653,"Decapterus macarellus"
0.420383075727329,0.538424749089722,0.149575369409122,0.261014891070291,654,"Decapterus macarellus"
0.314571298966189,0.577632070255094,0.149210537304705,0.264423634053342,655,"Decapterus macarellus"
0.194471013816723,0.630855331683367,0.153847972448858,0.279423495853299,656,"Decapterus macarellus"
1.83661150888292,0.983877748162133,0.201584647295015,0.323189555215537,657,"Decapterus macarellus"
1.33405746010312,0.858034935101315,0.198050993938508,0.323885746812035,658,"Decapterus macarellus"
0.538741011962244,0.463738462771424,0.144666796259648,0.249965125140944,659,"Decapterus macarellus"
0.296106762342486,0.376863267155965,0.148764807588651,0.264393676287238,660,"Decapterus macarellus"
1.30073889359043,0.985224429025688,0.209454306487354,0.364945422650353,661,"Decapterus macarellus"
0.576350644376975,0.679517467430036,0.167181565755728,0.288072860474502,662,"Decapterus macarellus"
0.450262527654745,0.501017560481863,0.167241073338397,0.29478532978119,663,"Decapterus macarellus"
0.434822567807188,0.674392382875652,0.152747406214404,0.266204846572582,664,"Decapterus macarellus"
NA,0.383957162228391,0.0828316101064971,0.163676645983539,665,"Decapterus macarellus"
0.523425322457043,0.629385774967852,0.173179372870843,0.304119785686483,666,"Decapterus macarellus"
2.29221895278664,0.93378552156414,0.201449135965126,0.321690819419886,667,"Decapterus macarellus"
0.261123443450647,0.636706274657777,0.13356297727941,0.234753934909196,668,"Decapterus macarellus"
2.55697612308765,1.13731782802921,0.204435630603189,0.324021010635164,669,"Decapterus macarellus"
1.82251069853673,1.23691861206976,0.206340271777979,0.330887427312612,670,"Decapterus macarellus"
2.02386667582534,0.905097918684954,0.222756950270307,0.369448970192421,671,"Decapterus macarellus"
1.78042520282721,1.06006058086487,0.219088476625811,0.36698363334301,672,"Decapterus macarellus"
1.22864859931319,0.930568933485526,0.184556014590017,0.302306084180858,673,"Decapterus macarellus"
NA,0.933659835867025,0.271502355298368,0.408815844882457,674,"Decapterus macarellus"
NA,0.518574837120818,0.124420737398335,0.242580616271908,675,"Decapterus macarellus"
0.0517155731789903,0.440311963784588,0.111867686412318,0.209152537750911,676,"Decapterus macarellus"
2.11111145653494,0.938681082435665,0.217711250778708,0.34864310330621,677,"Decapterus macarellus"
NA,0.268536949079758,0.0764892992467215,0.168531816558629,678,"Decapterus macarellus"
0.131275631642368,0.596430564592829,0.120273294399397,0.215786120135396,679,"Decapterus macarellus"
NA,1.24860414425283,0.267439095810222,0.398267762664234,680,"Decapterus macarellus"
0.132769626916481,0.491962829273794,0.143775683502523,0.26739615971873,681,"Decapterus macarellus"
1.30924764314607,0.789676363487103,0.204373343590661,0.338090638215334,682,"Decapterus macarellus"
1.31452398029036,0.668217179787051,0.186842473262329,0.302969005365776,683,"Decapterus macarellus"
1.27422695374046,0.747555304824864,0.201626629759346,0.336845250305115,684,"Decapterus macarellus"
NA,1.22424735774181,0.268725816685639,0.405987579186306,685,"Decapterus macarellus"
NA,0.325591625915477,0.101904857813438,0.208076007637243,686,"Decapterus macarellus"
0.397060533264032,0.509425759142215,0.166472221227135,0.296407578332151,687,"Decapterus macarellus"
0.849530709997274,0.834721633482815,0.180310109176385,0.307415677857762,688,"Decapterus macarellus"
NA,1.07255032023908,0.281689006714219,0.414106741983584,689,"Decapterus macarellus"
NA,0.339823706249927,0.0984879956340092,0.192264492357879,690,"Decapterus macarellus"
0.540139589466644,0.61798115636527,0.164101121225432,0.283515272755462,691,"Decapterus macarellus"
NA,1.84053651232427,0.312509921328359,0.446175277067819,692,"Decapterus macarellus"
0.291663439432688,0.372401193450119,0.119169811681412,0.210293068934045,693,"Decapterus macarellus"
NA,0.234696489141248,0.0526227208584868,0.1424549064406,694,"Decapterus macarellus"
0.482584336955594,0.551918541698915,0.13209824719167,0.239110331513872,695,"Decapterus macarellus"
0.22705733228577,0.669428900941808,0.141086281010122,0.252885994384926,696,"Decapterus macarellus"
0.314177756535792,0.444660756350475,0.140245004341213,0.24490470572765,697,"Decapterus macarellus"
1.55831273018119,0.759442234892681,0.205165980529488,0.332839485344564,698,"Decapterus macarellus"
0.0708126421245839,0.410542253883861,0.118568931617196,0.214823247135251,699,"Decapterus macarellus"
0.493371697005437,0.635635597489287,0.149395178953948,0.255439485117457,700,"Decapterus macarellus"
0.366938457806253,0.71088361355464,0.17138257933739,0.310676110050686,701,"Decapterus macarellus"
NA,0.822671710049501,0.223828722494771,0.349517089551691,702,"Decapterus macarellus"
NA,0.319174632930222,0.0744514370256487,0.165477713060107,703,"Decapterus macarellus"
2.721159675376,1.06017288455834,0.212043469590131,0.337996640441657,704,"Decapterus macarellus"
2.00338636167761,0.892609578247764,0.196785304478379,0.315869131014994,705,"Decapterus macarellus"
NA,0.916471770605745,0.263007399737647,0.404575869232393,706,"Decapterus macarellus"
0.148398867628151,0.532951150098179,0.123376731778255,0.232806614491114,707,"Decapterus macarellus"
NA,0.325617690123738,0.0267743101533321,0.148258564309133,708,"Decapterus macarellus"
0.451401490927088,0.492323128163096,0.162532614648048,0.284471440818605,709,"Decapterus macarellus"
0.965226706465733,0.863353890004372,0.1913000884735,0.32120218274905,710,"Decapterus macarellus"
0.848149226350382,0.673660197643658,0.154021506702401,0.260432165089555,711,"Decapterus macarellus"
1.10705785934822,0.675660188554922,0.196262200865892,0.327719562756982,712,"Decapterus macarellus"
0.606076240198563,0.656970638819624,0.176630411070756,0.307184159078295,713,"Decapterus macarellus"
0.673525598810043,0.572366337295159,0.148708770118855,0.254189997577011,714,"Decapterus macarellus"
0.267502856381562,0.641086071255577,0.145853744819815,0.260097138846767,715,"Decapterus macarellus"
NA,0.437379554871682,0.0997549757603394,0.186313605801653,716,"Decapterus macarellus"
0.647510833022422,0.568664374689329,0.176113516785406,0.303567904241548,717,"Decapterus macarellus"
0.438461897439749,0.51282403030655,0.144895596868692,0.252473978205335,718,"Decapterus macarellus"
NA,0.509025406698497,0.132408993244457,0.253936137816632,719,"Decapterus macarellus"
NA,0.30052650607981,0.101209124789944,0.194592332845289,720,"Decapterus macarellus"
0.936602372243415,0.995623125882615,0.200305467379403,0.359522552117112,721,"Decapterus macarellus"
0.4546323920882,0.472800880390203,0.151669015386423,0.260804818415424,722,"Decapterus macarellus"
0.00893615898751414,0.503018809630159,0.110552285358364,0.217312081414964,723,"Decapterus macarellus"
0.0722274599484511,0.462295427769226,0.151278925171951,0.28617703826849,724,"Decapterus macarellus"
2.8384835256064,1.03159233589938,0.230821826220006,0.381780854954417,725,"Decapterus macarellus"
0.187436555643931,0.407616412581319,0.125804826103551,0.223560444337441,726,"Decapterus macarellus"
0.113221579072749,0.502794795054106,0.12787611481998,0.230027411432678,727,"Decapterus macarellus"
NA,0.441779221151228,0.108752143301683,0.218545425036343,728,"Decapterus macarellus"
1.71412462923694,0.773372360146027,0.213750900084278,0.351606964761652,729,"Decapterus macarellus"
NA,0.958241369466299,0.230773229068404,0.359014121062543,730,"Decapterus macarellus"
NA,0.292398840565672,0.0655350400587528,0.153932504868483,731,"Decapterus macarellus"
NA,0.365327440298147,0.0844799586303876,0.172307149016534,732,"Decapterus macarellus"
NA,0.387524814688187,0.100795501132426,0.202532651608799,733,"Decapterus macarellus"
0.0118996212196595,0.466302502289522,0.117325428902383,0.219041457415009,734,"Decapterus macarellus"
0.613140957944021,0.630727212815143,0.159244307581985,0.269429399091801,735,"Decapterus macarellus"
0.330382727908368,0.517952392384255,0.120982812425395,0.217533389976515,736,"Decapterus macarellus"
0.778453052641283,0.589161441225594,0.1708213486944,0.28560761894828,737,"Decapterus macarellus"
0.939006771759818,0.516023180193988,0.194364777392965,0.331328789127347,738,"Decapterus macarellus"
1.20498428189927,0.72612429229324,0.193347683667467,0.316397676569164,739,"Decapterus macarellus"
0.220503494992319,0.429568683886751,0.143058287933721,0.254394537887067,740,"Decapterus macarellus"
1.74651974138518,0.701695563767832,0.212152339361985,0.34226306658513,741,"Decapterus macarellus"
NA,0.538087900059734,0.146993965325493,0.283799911789188,742,"Decapterus macarellus"
NA,0.270398654018286,0.0680466212731498,0.156342686248329,743,"Decapterus macarellus"
NA,0.250315567039333,0.0830184703973679,0.182223209801703,744,"Decapterus macarellus"
NA,0.834955017873083,0.254673446828371,0.389621774672994,745,"Decapterus macarellus"
0.692837195417014,0.786276225227574,0.165339816269646,0.278094311473079,746,"Decapterus macarellus"
0.120668147856467,0.428029754314559,0.109460960364108,0.204058629934864,747,"Decapterus macarellus"
0.0709808497894249,0.433209319177849,0.0865741754759462,0.173402678304864,748,"Decapterus macarellus"
NA,0.319329574247808,0.108443423978165,0.221141572162709,749,"Decapterus macarellus"
NA,0.382049488615142,0.0564995486554474,0.159116890320186,750,"Decapterus macarellus"
0.826159573020908,0.562851593627452,0.18188603184721,0.307580981106437,751,"Decapterus macarellus"
1.23862888928689,0.871124468272506,0.195087443412337,0.317975808944685,752,"Decapterus macarellus"
NA,0.92653097916633,0.249907244010557,0.383943787539561,753,"Decapterus macarellus"
1.18227013642735,0.641121246471441,0.184621414204547,0.303038030380971,754,"Decapterus macarellus"
0.143018927246969,0.384550011490918,0.139781263405376,0.251847252862722,755,"Decapterus macarellus"
1.29639928029406,0.817299365964134,0.19593390141832,0.319128748837501,756,"Decapterus macarellus"
0.810440433428075,0.74435890578013,0.169373391768619,0.284529204483002,757,"Decapterus macarellus"
1.49402910817342,0.729479210570981,0.206397702856462,0.337165709914906,758,"Decapterus macarellus"
NA,0.364647272419563,0.128620320210598,0.245941375282356,759,"Decapterus macarellus"
NA,0.491036700703988,0.121517613927535,0.224520621765372,760,"Decapterus macarellus"
NA,0.156270027787921,NA,0.0846097196065139,761,"Decapterus macarellus"
0.0914436523443316,0.454749315321492,0.14859909145151,0.275704954028488,762,"Decapterus macarellus"
1.10406268415269,0.988492153804174,0.193365287261441,0.319748918982568,763,"Decapterus macarellus"
0.595099325625823,0.781974507846197,0.162448754398611,0.278312131012507,764,"Decapterus macarellus"
0.498782208831868,0.584980807214823,0.153336915902287,0.26513373677811,765,"Decapterus macarellus"
1.18331678034229,0.750994129050197,0.195982177782212,0.324029070963439,766,"Decapterus macarellus"
0.839465487693353,0.583272065372182,0.147293454796664,0.25107784728331,767,"Decapterus macarellus"
1.21823100165069,0.656286564084782,0.191510516644919,0.312522609067445,768,"Decapterus macarellus"
NA,0.367390038824588,0.0972363354096702,0.185140038686014,769,"Decapterus macarellus"
4.34750803776612,0.992690183147249,0.222858612722655,0.347760634005884,770,"Decapterus macarellus"
0.106193526376443,0.51413590000661,0.139873670618601,0.256241185626637,771,"Decapterus macarellus"
0.233246202176584,0.671195562697002,0.152681954685784,0.279781994179241,772,"Decapterus macarellus"
0.0194505981105245,0.717570621766792,0.143382440402437,0.267604415919452,773,"Decapterus macarellus"
0.853743281508124,0.680008415851582,0.183102109149318,0.306849614993369,774,"Decapterus macarellus"
0.546385504588359,0.707269355638409,0.172815968300964,0.30179994479498,775,"Decapterus macarellus"
NA,0.355570918385089,0.114577218591956,0.215672031970589,776,"Decapterus macarellus"
1.48981885970783,0.860908241479356,0.194772498314909,0.315497874161708,777,"Decapterus macarellus"
0.583034287360224,0.682366967966887,0.162782731259303,0.277045176447754,778,"Decapterus macarellus"
2.85859057098693,1.0423266109676,0.216442966687595,0.340050982963312,779,"Decapterus macarellus"
0.809780077305297,0.563399691923292,0.187786667879229,0.322472348285503,780,"Decapterus macarellus"
NA,1.05227178390276,0.273896788141295,0.422095586373834,781,"Decapterus macarellus"
0.126236518692935,0.37415133350218,0.118147272137978,0.225618395262267,782,"Decapterus macarellus"
NA,0.342455313622101,0.0857411382916842,0.181732326573267,783,"Decapterus macarellus"
0.616221994809571,0.724606631489402,0.172140021138669,0.294836811381505,784,"Decapterus macarellus"
0.484577475588701,0.665994392298874,0.155027479915368,0.273978422727767,785,"Decapterus macarellus"
0.408305727276967,0.628143175877687,0.164201973268033,0.290457116441017,786,"Decapterus macarellus"
0.470626294649117,0.635173557388999,0.172325259497864,0.304306307537019,787,"Decapterus macarellus"
NA,0.400875141542752,0.122272477231097,0.249665979138285,788,"Decapterus macarellus"
0.09500141446836,0.440363176067243,0.10276122534985,0.194852893076755,789,"Decapterus macarellus"
0.230616699838901,0.562013238884751,0.143005334145327,0.261919733631971,790,"Decapterus macarellus"
NA,0.222766763835164,0.0307188952827239,0.111539378045675,791,"Decapterus macarellus"
2.42605474364003,0.863030252151909,0.210445167649009,0.332345471171839,792,"Decapterus macarellus"
1.13285327961314,0.670674963356785,0.191556198114558,0.314889918607845,793,"Decapterus macarellus"
NA,0.216387402876466,0.0244854202637289,0.123698682132434,794,"Decapterus macarellus"
NA,0.36031190146227,0.0688843428255735,0.163051377231048,795,"Decapterus macarellus"
0.857259921717631,0.718911591067824,0.177635038545381,0.297972038563788,796,"Decapterus macarellus"
0.374763519453681,0.77046635543876,0.173741351405289,0.317492246717639,797,"Decapterus macarellus"
NA,0.493477792490907,0.108112926641895,0.22528058822779,798,"Decapterus macarellus"
1.63021435553081,0.617556564601729,0.208186312587561,0.337481405968765,799,"Decapterus macarellus"
0.126996103016591,0.513847290332027,0.131620454176254,0.239682981636624,800,"Decapterus macarellus"
NA,1.2923341153037,0.36357154448603,0.495345534509411,801,"Decapterus macarellus"
0.551522126476608,0.559004505464156,0.162737560591567,0.278233628806002,802,"Decapterus macarellus"
1.1069061828582,0.954795970055537,0.177077752050265,0.292107724002168,803,"Decapterus macarellus"
NA,0.436373269645821,0.127568717645249,0.243575411680075,804,"Decapterus macarellus"
NA,0.380824036538575,0.087852432089019,0.179114434337709,805,"Decapterus macarellus"
2.01778775868304,0.839824890591336,0.221843113471278,0.363823385336774,806,"Decapterus macarellus"
1.33198383228168,0.674040576689074,0.197918247912477,0.322171283973829,807,"Decapterus macarellus"
1.37625465353924,0.593562449596131,0.210509895116592,0.357110481283531,808,"Decapterus macarellus"
0.385588818792499,0.605487645754372,0.168489385640264,0.302160139546805,809,"Decapterus macarellus"
0.0525183680746411,0.5081453497622,0.138521880261088,0.26123372514068,810,"Decapterus macarellus"
NA,0.744872418071462,0.238863333395016,0.37381004823853,811,"Decapterus macarellus"
0.0391608247282331,0.492322438426684,0.140378468530245,0.259439488438307,812,"Decapterus macarellus"
2.16297367816308,0.899709784260709,0.219035614889077,0.350755443887414,813,"Decapterus macarellus"
3.22648099539018,0.91560938630939,0.232082914185136,0.372064584081323,814,"Decapterus macarellus"
1.43840018030627,0.832975696836979,0.174654317329416,0.291080924053064,815,"Decapterus macarellus"
1.25916899816977,0.820511449607519,0.203575691060489,0.338431525303013,816,"Decapterus macarellus"
0.27514768280233,0.548464203032825,0.14162717425846,0.249024405823969,817,"Decapterus macarellus"
NA,0.466877413907655,0.137063008793884,0.259047545970235,818,"Decapterus macarellus"
NA,1.26445048704817,0.227486726307493,0.353782773823899,819,"Decapterus macarellus"
0.568597273023638,0.677927842088071,0.167016240185328,0.292454160645674,820,"Decapterus macarellus"
5.29443749618457,0.940340532491005,0.233916723094524,0.368112014142354,821,"Decapterus macarellus"
NA,0.840419989626768,0.271815266113272,0.409653631607965,822,"Decapterus macarellus"
0.835919498078808,0.697718853462896,0.167240915083319,0.277948246264991,823,"Decapterus macarellus"
0.0617313701831304,0.58182926325116,0.151958139352407,0.285009612694512,824,"Decapterus macarellus"
NA,0.28876069994392,0.0922238158850602,0.18401305602976,825,"Decapterus macarellus"
0.555399634966448,0.772047870706441,0.16298208790145,0.278555468305091,826,"Decapterus macarellus"
1.06226253962394,0.850945878434932,0.197016929027134,0.331987884091708,827,"Decapterus macarellus"
1.45872944459938,0.770316979459906,0.202164751039509,0.329056977412671,828,"Decapterus macarellus"
0.982148562100535,0.717442324349666,0.180185056168339,0.29926814515964,829,"Decapterus macarellus"
NA,0.4721042212729,0.129581571520202,0.23960477843957,830,"Decapterus macarellus"
NA,0.442605949726833,0.115996873295947,0.217795976482575,831,"Decapterus macarellus"
NA,0.421041264793421,0.114017411717191,0.218205932123777,832,"Decapterus macarellus"
0.684666645569117,0.74833190979327,0.179194650013426,0.30860709663477,833,"Decapterus macarellus"
1.14258733694037,0.745261000337494,0.203801117435969,0.347989562577015,834,"Decapterus macarellus"
0.880952623556361,0.58016497319409,0.172091662911053,0.292284685539237,835,"Decapterus macarellus"
NA,0.387467403101356,0.105015974103474,0.205646712199848,836,"Decapterus macarellus"
NA,1.19340568580043,0.249710045421325,0.386231030051552,837,"Decapterus macarellus"
0.20251993716209,0.431783664900679,0.124299581459116,0.218125897429578,838,"Decapterus macarellus"
NA,0.997786949299038,0.229242288320188,0.359075831564814,839,"Decapterus macarellus"
NA,1.24544283483238,0.289559213691514,0.426362454990235,840,"Decapterus macarellus"
NA,0.972093375423082,0.266480288171997,0.412959453481027,841,"Decapterus macarellus"
1.64241594240626,0.87148168296003,0.192573024346609,0.314548241090698,842,"Decapterus macarellus"
2.47575891306755,0.907772344259609,0.227588787867941,0.369455651837288,843,"Decapterus macarellus"
0.0143000732881228,0.504819469315236,0.104131357660928,0.198301198973312,844,"Decapterus macarellus"
0.384140696781122,0.545937997880615,0.161416696784767,0.289718597060787,845,"Decapterus macarellus"
0.638935959453967,0.464402489630583,0.161125467287647,0.272052469660883,846,"Decapterus macarellus"
2.14287736033005,0.780035932640258,0.222327653313279,0.359180327608504,847,"Decapterus macarellus"
NA,0.434860065195487,0.131250810661798,0.244845595310954,848,"Decapterus macarellus"
0.531034710817741,0.624267469261173,0.159177598853628,0.274522687531162,849,"Decapterus macarellus"
0.00475156596154504,0.521176022369308,0.132882570186761,0.247636397437302,850,"Decapterus macarellus"
NA,0.431907343540833,0.122328908741943,0.243499116703195,851,"Decapterus macarellus"
0.374932052460097,0.831232075194308,0.166059246518639,0.296929617286495,852,"Decapterus macarellus"
2.16248281248376,0.78981519400114,0.209987435080137,0.337103707229474,853,"Decapterus macarellus"
2.34196216034171,0.872781130307002,0.225447118199972,0.364240064992468,854,"Decapterus macarellus"
0.196553417671686,0.571566947059198,0.151742221691339,0.275858604532671,855,"Decapterus macarellus"
1.48642125005956,0.595767576487812,0.199959939997419,0.322788236711604,856,"Decapterus macarellus"
1.58992484814644,0.828928326014586,0.208091834488568,0.338279044126006,857,"Decapterus macarellus"
0.96948109237863,0.742712649815973,0.17786950820888,0.295535655780397,858,"Decapterus macarellus"
3.11884417200712,0.697990031405917,0.230694262655203,0.368097530301992,859,"Decapterus macarellus"
0.787376112189586,0.626511410712958,0.185036531916713,0.316769759797487,860,"Decapterus macarellus"
1.67056525066599,0.498560223749051,0.215399564861353,0.355805778680562,861,"Decapterus macarellus"
0.291676160421002,0.506455279124683,0.148807606022775,0.264679232783374,862,"Decapterus macarellus"
0.296251027033585,0.595373208796551,0.156960025642442,0.281177094013969,863,"Decapterus macarellus"
1.22094495573235,1.05057549684697,0.201438956053928,0.334385001138415,864,"Decapterus macarellus"
NA,0.346284607068165,0.0831785950545928,0.183952817060163,865,"Decapterus macarellus"
0.509549041990881,0.771617087506298,0.166199287251971,0.287491648182363,866,"Decapterus macarellus"
NA,0.193295266704476,0.00174860810908545,0.106013507577547,867,"Decapterus macarellus"
2.16482295676285,0.775337721327479,0.212041402449304,0.3373991583332,868,"Decapterus macarellus"
1.46535932247786,0.566592736683069,0.208868852600775,0.344602136826523,869,"Decapterus macarellus"
1.14245489893382,0.853795290948259,0.180348083563029,0.296755777161769,870,"Decapterus macarellus"
NA,1.03409101156724,0.244812666514511,0.38171486662079,871,"Decapterus macarellus"
NA,0.419275683057535,0.0793299702842004,0.165350408151802,872,"Decapterus macarellus"
0.205874071079984,0.648367166293829,0.1516144142226,0.275007572504088,873,"Decapterus macarellus"
3.53932050287503,1.3309722220712,0.224226472948877,0.350212315444387,874,"Decapterus macarellus"
3.4913196215935,0.920512582293242,0.223724073733041,0.351105186951249,875,"Decapterus macarellus"
0.513498785281008,0.550386293438315,0.128625626612822,0.226567836357278,876,"Decapterus macarellus"
1.26086633176766,0.641294078915869,0.177222006117465,0.291114084025521,877,"Decapterus macarellus"
1.57336198489333,0.786195369018238,0.215251468442136,0.368966511902068,878,"Decapterus macarellus"
NA,1.26539464986798,0.278084646407286,0.428632510347398,879,"Decapterus macarellus"
0.124724915025854,0.408580016664844,0.150365674136935,0.276266320676995,880,"Decapterus macarellus"
0.408761911891729,0.546682450094271,0.163285405124489,0.288396823627956,881,"Decapterus macarellus"
0.226160687704161,0.516722536254,0.146050010335826,0.260210358999963,882,"Decapterus macarellus"
NA,0.425237067045296,0.0993566287330564,0.203292445512933,883,"Decapterus macarellus"
1.75853581129672,0.953429067627101,0.218152423216975,0.361386338912424,884,"Decapterus macarellus"
0.669448790990168,0.635262941347498,0.173863140415535,0.295907320770511,885,"Decapterus macarellus"
NA,0.720390478562742,0.239354269864668,0.377101388115402,886,"Decapterus macarellus"
0.883007226790971,0.729956549218618,0.181425251765631,0.304421631993677,887,"Decapterus macarellus"
0.0496355075203317,0.475296207864286,0.120743129967343,0.223551106104516,888,"Decapterus macarellus"
NA,0.350846007039444,0.0833646361975037,0.174473520024261,889,"Decapterus macarellus"
0.261635392254424,0.423386055031829,0.167160548537056,0.308219941395103,890,"Decapterus macarellus"
NA,0.811537054709129,0.25428769307108,0.404420940498412,891,"Decapterus macarellus"
1.17921683817053,0.920626733647037,0.206686383017601,0.360143146905466,892,"Decapterus macarellus"
0.936786102421195,0.837587329400122,0.194936630599687,0.334216905939718,893,"Decapterus macarellus"
1.5952418305552,0.837049070456974,0.206066306148949,0.333860958966201,894,"Decapterus macarellus"
1.9086678186593,0.581884514276653,0.210514194249212,0.335882614406112,895,"Decapterus macarellus"
1.0479753053361,0.556224946615247,0.164904371246713,0.274775452851753,896,"Decapterus macarellus"
0.549710729771097,0.709486973105802,0.166636366839173,0.285598550764367,897,"Decapterus macarellus"
0.878044722591089,0.719066854317628,0.159683165647368,0.268371366192619,898,"Decapterus macarellus"
NA,0.96825497377895,0.248301911587492,0.380334963398705,899,"Decapterus macarellus"
NA,1.73783445100039,0.292735559976386,0.434369422489034,900,"Decapterus macarellus"
0.790979106722197,0.708687993744323,0.187284243461144,0.322367725728788,901,"Decapterus macarellus"
1.7348094293854,0.852995760580681,0.210091282239237,0.339219429484452,902,"Decapterus macarellus"
0.460239451556178,0.663292055012937,0.164674308207924,0.288532274956225,903,"Decapterus macarellus"
0.247466960780271,0.538355751735331,0.136681727304049,0.244220022107789,904,"Decapterus macarellus"
1.1464928777732,0.861388209794715,0.188031685191961,0.309502246021915,905,"Decapterus macarellus"
1.04424422530915,0.61989531657183,0.198042427741748,0.335130665706436,906,"Decapterus macarellus"
0.0740967446022096,0.541585886988677,0.118008527245967,0.213728655417319,907,"Decapterus macarellus"
1.45564640149326,0.802008807866689,0.199408428160958,0.322330672159714,908,"Decapterus macarellus"
0.780248555121532,0.643146983466479,0.177036373121937,0.299449699197261,909,"Decapterus macarellus"
0.272215982949623,0.620467544619455,0.138458108446913,0.243204507364139,910,"Decapterus macarellus"
0.0814955902325159,0.335701088623398,0.0858352379097854,0.172314872404078,911,"Decapterus macarellus"
0.296298225675144,0.426958535365911,0.148196773196522,0.260916952461933,912,"Decapterus macarellus"
0.0249970878729298,0.429928662826911,0.125783995467667,0.233258625685627,913,"Decapterus macarellus"
2.04551517348194,1.00599272219557,0.220338640978693,0.356881098316176,914,"Decapterus macarellus"
NA,0.542572248324368,0.143684718882372,0.282171486007842,915,"Decapterus macarellus"
2.85927303747743,0.944701333708019,0.21468943185221,0.338758769758152,916,"Decapterus macarellus"
0.0978783192548737,0.367501398929638,0.118579488255133,0.218549294052183,917,"Decapterus macarellus"
1.4082953623219,0.944927143562582,0.184219196076586,0.300301652829188,918,"Decapterus macarellus"
NA,0.446132960459539,0.139036661384162,0.259534863198036,919,"Decapterus macarellus"
0.407129954489668,0.481078890681655,0.159036642804235,0.279490074700461,920,"Decapterus macarellus"
1.29089374940539,0.826417080939507,0.188412323996034,0.307668013428998,921,"Decapterus macarellus"
1.16031139428881,0.677810163889111,0.195957597764716,0.324800839088304,922,"Decapterus macarellus"
1.83673226238678,0.710600808844237,0.205233005781996,0.327430579107046,923,"Decapterus macarellus"
NA,0.385314992741981,0.0974170800760215,0.200770684619534,924,"Decapterus macarellus"
0.684878084309405,0.719360710334247,0.19004343598433,0.340853362605064,925,"Decapterus macarellus"
NA,1.03982446201196,0.262610377051154,0.40621079960585,926,"Decapterus macarellus"
NA,1.20896532413999,0.247631980396908,0.388772932474174,927,"Decapterus macarellus"
NA,0.935791535992812,0.255688691234702,0.394552722269196,928,"Decapterus macarellus"
0.468849441897732,0.652826517416688,0.154154586443422,0.267552874641852,929,"Decapterus macarellus"
0.519936303929158,0.749497469826959,0.161146509688761,0.276423499033552,930,"Decapterus macarellus"
NA,0.442235137476152,0.13891119610831,0.271337319808315,931,"Decapterus macarellus"
0.300938713645097,0.621113027900999,0.157100256839268,0.285193394006796,932,"Decapterus macarellus"
NA,1.0047651065659,0.232123485535428,0.359995828875658,933,"Decapterus macarellus"
0.631439798741611,0.721035948718633,0.173935267693629,0.299576393633631,934,"Decapterus macarellus"
NA,0.412056315515708,0.142383298266821,0.268242508152002,935,"Decapterus macarellus"
0.463023540409993,0.568052888396603,0.161403104762455,0.27965923697334,936,"Decapterus macarellus"
0.840395867228061,0.801014551979338,0.180798254763785,0.304729326477157,937,"Decapterus macarellus"
0.583405051963374,0.659587488722783,0.179135975451717,0.3142028879059,938,"Decapterus macarellus"
1.08480310386315,0.734703864869192,0.155085387316096,0.266102169164976,939,"Decapterus macarellus"
0.0608875291200654,0.458913498138804,0.127015770864645,0.234033265893756,940,"Decapterus macarellus"
2.42606122204253,0.844110066877238,0.212341092467135,0.33648114822267,941,"Decapterus macarellus"
0.327727256416709,0.404825083690197,0.151304399051243,0.265643288915959,942,"Decapterus macarellus"
NA,0.902416927818925,0.230535900929885,0.357126223711597,943,"Decapterus macarellus"
NA,0.514557257678733,0.127042972709064,0.245209678720324,944,"Decapterus macarellus"
0.76050514166528,0.602549145393525,0.16720189988009,0.281992474007856,945,"Decapterus macarellus"
NA,0.842557914202739,0.259107759583243,0.402463778983685,946,"Decapterus macarellus"
0.372367226708371,0.561449747698001,0.151850036712021,0.266967196396223,947,"Decapterus macarellus"
NA,0.475035994792859,0.109709723476808,0.224456356271018,948,"Decapterus macarellus"
0.248791611338791,0.58988920867361,0.170632591626528,0.320401058433418,949,"Decapterus macarellus"
1.45925527383296,0.788616265382731,0.181407747639433,0.294201857732067,950,"Decapterus macarellus"
0.188036312798034,0.516081730657672,0.144206142215965,0.265743587001797,951,"Decapterus macarellus"
NA,1.40983150228049,0.253389346851694,0.394758820171054,952,"Decapterus macarellus"
NA,1.05667103375739,0.250119637134132,0.379846649188309,953,"Decapterus macarellus"
0.356377160086652,0.367266949639295,0.165153398819152,0.296037450131285,954,"Decapterus macarellus"
1.86148628003924,0.920644519072627,0.208349651721851,0.333919906341742,955,"Decapterus macarellus"
NA,1.18713111857059,0.262177567953522,0.398130588621611,956,"Decapterus macarellus"
NA,0.467754727665931,0.148146287047952,0.285997605673749,957,"Decapterus macarellus"
NA,1.29745496508798,0.278225082808942,0.434782298415305,958,"Decapterus macarellus"
1.46305969939761,0.989503063408909,0.188565704554974,0.306258723161805,959,"Decapterus macarellus"
NA,0.467335849938809,0.101861880594653,0.198178336538234,960,"Decapterus macarellus"
0.473729227383804,0.472515893706383,0.176180570132852,0.315733331010391,961,"Decapterus macarellus"
NA,0.193117205668322,0.0106863352003914,0.116438770152738,962,"Decapterus macarellus"
0.835777458699118,0.654839631545458,0.193111338530727,0.336709268289253,963,"Decapterus macarellus"
NA,0.319249403854808,0.0587876394450534,0.150124377357489,964,"Decapterus macarellus"
NA,0.474080599191415,0.107286649274385,0.212485040018299,965,"Decapterus macarellus"
NA,1.02442267333428,0.242010544507438,0.370545345156772,966,"Decapterus macarellus"
NA,0.43385763970884,0.114635599500837,0.214771130230756,967,"Decapterus macarellus"
NA,0.558175349908797,0.106211830607436,0.204229493834379,968,"Decapterus macarellus"
NA,0.875566860954862,0.26784570245455,0.404269597800531,969,"Decapterus macarellus"
NA,0.892720376933893,0.23742237856541,0.372013945033866,970,"Decapterus macarellus"
2.04064113599347,0.792777281205301,0.218930594512404,0.351826928034781,971,"Decapterus macarellus"
NA,0.478415511403063,0.125269459306268,0.237668238309256,972,"Decapterus macarellus"
NA,1.13261751356455,0.251521714510312,0.392928726964213,973,"Decapterus macarellus"
NA,1.1512024396794,0.254434221906377,0.394276388516265,974,"Decapterus macarellus"
0.436647929525409,0.505661591533804,0.139683359391621,0.244080356653791,975,"Decapterus macarellus"
0.267987026452501,0.624207958528176,0.14400061913009,0.256592078649345,976,"Decapterus macarellus"
NA,0.287027692854227,0.0765894661462142,0.1641904281808,977,"Decapterus macarellus"
NA,0.358022574407305,0.0917771077921636,0.176174755227753,978,"Decapterus macarellus"
0.0546824417134517,0.646823209828694,0.142788103219236,0.263773848298267,979,"Decapterus macarellus"
1.14335545310136,0.876009642388133,0.175472379492428,0.289346272871829,980,"Decapterus macarellus"
1.02702810584177,0.73748095806523,0.169113015217665,0.280942476953967,981,"Decapterus macarellus"
NA,1.03134029224067,0.247216868469459,0.392660851554269,982,"Decapterus macarellus"
1.4417021992536,0.675809675273453,0.208148218496886,0.343609037703834,983,"Decapterus macarellus"
1.95015686087446,1.0724256841587,0.216365259780614,0.347437188964521,984,"Decapterus macarellus"
NA,0.288698131208855,0.0861110719414711,0.175405775538471,985,"Decapterus macarellus"
0.716884314121082,0.804070225245541,0.171694452132893,0.289353093325083,986,"Decapterus macarellus"
NA,0.378207600581673,0.101668131983912,0.191479282313616,987,"Decapterus macarellus"
0.948022555332701,0.802453731627384,0.19044360625813,0.324596186812565,988,"Decapterus macarellus"
0.243213852907036,0.592856260445068,0.151359119613301,0.272284992624572,989,"Decapterus macarellus"
NA,0.764255634688531,0.230554326773365,0.359177895119559,990,"Decapterus macarellus"
NA,0.333522170292803,0.108883215952681,0.200817412060919,991,"Decapterus macarellus"
NA,0.930772806228815,0.274801700691697,0.424722365556505,992,"Decapterus macarellus"
3.29617045960095,0.863720267106643,0.226988193266031,0.357482366191164,993,"Decapterus macarellus"
0.881642186370515,0.704286120998551,0.164015926879755,0.274776142811317,994,"Decapterus macarellus"
0.204023241217598,0.622395106961614,0.125293937769702,0.234358801849774,995,"Decapterus macarellus"
2.0294809542692,0.734672570800927,0.210986153513499,0.339795795689749,996,"Decapterus macarellus"
1.64690215275965,0.74322477535274,0.206413555141122,0.333523066380858,997,"Decapterus macarellus"
0.694477883522833,1.00336232816543,0.180678157759957,0.311581662451491,998,"Decapterus macarellus"
0.587577144483959,0.471277262734773,0.169479395178457,0.292250136828657,999,"Decapterus macarellus"
0.533749865054439,0.678295670524598,0.142804323225429,0.243494513154924,1000,"Decapterus macarellus"
