"cenario_id","hipotese","m_hipotese","m_fonte","bk_lo","bk_hi","variavel","media","mediana","p2.5","p97.5","n_total","n_aceitos","pct_aceitacao"
"NN_CMSY_Jardim (1999)","NN_CMSY","M_Jardim(1981-1994)","Jardim (1999)",0.03,0.25,"Bmsy",7420.14353618499,7278.66367472262,4599.39813582281,10598.1669796565,10000,125,1.2
"NN_CMSY_Jardim (1999)","NN_CMSY","M_Jardim(1981-1994)","Jardim (1999)",0.03,0.25,"BmsyK",0.285213524528813,0.279576001326576,0.131621001267607,0.444578033645669,10000,125,1.2
"NN_CMSY_Jardim (1999)","NN_CMSY","M_Jardim(1981-1994)","Jardim (1999)",0.03,0.25,"Brefyr",5217.29011032405,5037.69505529933,1604.75779886137,9568.93702817576,10000,125,1.2
"NN_CMSY_Jardim (1999)","NN_CMSY","M_Jardim(1981-1994)","Jardim (1999)",0.03,0.25,"BtK",0.187306190899687,0.201329875340828,0.0659528359249676,0.247996585002469,10000,125,1.2
"NN_CMSY_Jardim (1999)","NN_CMSY","M_Jardim(1981-1994)","Jardim (1999)",0.03,0.25,"Fmsy",0.384356269341813,0.349542321953252,0.220469060724076,0.743901744762269,10000,125,1.2
"NN_CMSY_Jardim (1999)","NN_CMSY","M_Jardim(1981-1994)","Jardim (1999)",0.03,0.25,"FmsyM",0.637582990143718,0.586812805596614,0.361277795526654,1.12541938957303,10000,125,1.2
"NN_CMSY_Jardim (1999)","NN_CMSY","M_Jardim(1981-1994)","Jardim (1999)",0.03,0.25,"K",27838.062175413,24767.6939381216,16431.3013991122,46797.6272744074,10000,125,1.2
"NN_CMSY_Jardim (1999)","NN_CMSY","M_Jardim(1981-1994)","Jardim (1999)",0.03,0.25,"M",0.600849985637537,0.594208698397061,0.507684142971784,0.735892578706682,10000,125,1.2
"NN_CMSY_Jardim (1999)","NN_CMSY","M_Jardim(1981-1994)","Jardim (1999)",0.03,0.25,"MSY",1678.23829384693,1696.85068390468,1354.87308001548,1950.388645628,10000,125,1.2
"NN_CMSY_Jardim (1999)","NN_CMSY","M_Jardim(1981-1994)","Jardim (1999)",0.03,0.25,"OFLT1",1451.19125852057,1480.25632676221,533.051881581787,2696.00634455856,10000,125,1.2
"NN_CMSY_Jardim (1999)","NN_CMSY","M_Jardim(1981-1994)","Jardim (1999)",0.03,0.25,"Umsy",0.239280130038697,0.226318019656455,0.147713468696162,0.412491596905076,10000,125,1.2
"NN_CMSY_Santos (2018)","NN_CMSY","M_Santos(2005-2018)","Santos (2018)",0.03,0.25,"Bmsy",7115.83661195154,6930.2739963809,4805.20449522732,9912.42734464737,10000,144,1.4
"NN_CMSY_Santos (2018)","NN_CMSY","M_Santos(2005-2018)","Santos (2018)",0.03,0.25,"BmsyK",0.2757589167448,0.272360048505667,0.129656694634219,0.42025440796975,10000,144,1.4
"NN_CMSY_Santos (2018)","NN_CMSY","M_Santos(2005-2018)","Santos (2018)",0.03,0.25,"Brefyr",5334.08125865554,5510.26398630167,1549.76078132132,9463.8690578013,10000,144,1.4
"NN_CMSY_Santos (2018)","NN_CMSY","M_Santos(2005-2018)","Santos (2018)",0.03,0.25,"BtK",0.188362733326569,0.205423615641918,0.0638099489557718,0.246839072375099,10000,144,1.4
"NN_CMSY_Santos (2018)","NN_CMSY","M_Santos(2005-2018)","Santos (2018)",0.03,0.25,"Fmsy",0.396589880664945,0.375765690730292,0.238733510904375,0.664930287738696,10000,144,1.4
"NN_CMSY_Santos (2018)","NN_CMSY","M_Santos(2005-2018)","Santos (2018)",0.03,0.25,"FmsyM",0.637235759450905,0.600018779062882,0.373042614753276,1.03436220660062,10000,144,1.4
"NN_CMSY_Santos (2018)","NN_CMSY","M_Santos(2005-2018)","Santos (2018)",0.03,0.25,"K",27894.8556843371,24750.5047949074,16444.9302325162,46738.1348926636,10000,144,1.4
"NN_CMSY_Santos (2018)","NN_CMSY","M_Santos(2005-2018)","Santos (2018)",0.03,0.25,"M",0.624032929500239,0.620986278129213,0.516779788594084,0.728764051783199,10000,144,1.4
"NN_CMSY_Santos (2018)","NN_CMSY","M_Santos(2005-2018)","Santos (2018)",0.03,0.25,"MSY",1672.94204978803,1700.95668233007,1291.85367583379,1940.22320123147,10000,144,1.4
"NN_CMSY_Santos (2018)","NN_CMSY","M_Santos(2005-2018)","Santos (2018)",0.03,0.25,"OFLT1",1507.44657324052,1519.91068367223,421.931793267163,2801.97290884375,10000,144,1.4
"NN_CMSY_Santos (2018)","NN_CMSY","M_Santos(2005-2018)","Santos (2018)",0.03,0.25,"Umsy",0.245331590190018,0.237673960078429,0.160552780100757,0.36504257615873,10000,144,1.4
"NN_CMSY_Vieira (2019)","NN_CMSY","M_Vieira(1988-2018)","Vieira (2019)",0.03,0.25,"Bmsy",6181.01884662664,5992.02808303643,3614.93043224947,8928.20201342741,10000,66,0.7
"NN_CMSY_Vieira (2019)","NN_CMSY","M_Vieira(1988-2018)","Vieira (2019)",0.03,0.25,"BmsyK",0.268312504067097,0.291935845137841,0.110107244386589,0.379000502578145,10000,66,0.7
"NN_CMSY_Vieira (2019)","NN_CMSY","M_Vieira(1988-2018)","Vieira (2019)",0.03,0.25,"Brefyr",4772.01535097839,3875.76533785982,2100.74320514636,9805.62484310485,10000,66,0.7
"NN_CMSY_Vieira (2019)","NN_CMSY","M_Vieira(1988-2018)","Vieira (2019)",0.03,0.25,"BtK",0.18834433454375,0.194271653429257,0.104327912978527,0.247162545608545,10000,66,0.7
"NN_CMSY_Vieira (2019)","NN_CMSY","M_Vieira(1988-2018)","Vieira (2019)",0.03,0.25,"Fmsy",0.588513999768196,0.583954167905655,0.287204120314687,1.07454523891042,10000,66,0.7
"NN_CMSY_Vieira (2019)","NN_CMSY","M_Vieira(1988-2018)","Vieira (2019)",0.03,0.25,"FmsyM",0.63790126885449,0.627594839399552,0.341440747767166,1.20937054471144,10000,66,0.7
"NN_CMSY_Vieira (2019)","NN_CMSY","M_Vieira(1988-2018)","Vieira (2019)",0.03,0.25,"K",25072.0810100356,24729.8591390633,16417.0127777126,41383.5786220631,10000,66,0.7
"NN_CMSY_Vieira (2019)","NN_CMSY","M_Vieira(1988-2018)","Vieira (2019)",0.03,0.25,"M",0.918735172121905,0.913494380838752,0.741559022605028,1.16464337354476,10000,66,0.7
"NN_CMSY_Vieira (2019)","NN_CMSY","M_Vieira(1988-2018)","Vieira (2019)",0.03,0.25,"MSY",1734.0914642962,1767.11944911371,1360.82486375688,1949.69271569276,10000,66,0.7
"NN_CMSY_Vieira (2019)","NN_CMSY","M_Vieira(1988-2018)","Vieira (2019)",0.03,0.25,"OFLT1",1674.30045362423,1508.98446709749,762.247978140276,3821.32649321248,10000,66,0.7
"NN_CMSY_Vieira (2019)","NN_CMSY","M_Vieira(1988-2018)","Vieira (2019)",0.03,0.25,"Umsy",0.295994943324883,0.30088265002498,0.176500618937675,0.475677129913878,10000,66,0.7
"zBRT_Jardim (1999)","zBRT","M_Jardim(1981-1994)","Jardim (1999)",0.01,0.44,"Bmsy",7213.82822773604,7033.65860349374,4716.98226643078,10805.6171257135,10000,583,5.8
"zBRT_Jardim (1999)","zBRT","M_Jardim(1981-1994)","Jardim (1999)",0.01,0.44,"BmsyK",0.280905517433063,0.280674920107077,0.15448186122505,0.420130403044622,10000,583,5.8
"zBRT_Jardim (1999)","zBRT","M_Jardim(1981-1994)","Jardim (1999)",0.01,0.44,"Brefyr",9330.68680403529,9253.94341653829,3433.96610632083,15593.3197130126,10000,583,5.8
"zBRT_Jardim (1999)","zBRT","M_Jardim(1981-1994)","Jardim (1999)",0.01,0.44,"BtK",0.352868898121544,0.375653900952547,0.141745409419771,0.437281300818084,10000,583,5.8
"zBRT_Jardim (1999)","zBRT","M_Jardim(1981-1994)","Jardim (1999)",0.01,0.44,"Fmsy",0.409452675858988,0.392233324644732,0.219882620221007,0.711221623985553,10000,583,5.8
"zBRT_Jardim (1999)","zBRT","M_Jardim(1981-1994)","Jardim (1999)",0.01,0.44,"FmsyM",0.678227004537186,0.649684682805046,0.367312728017937,1.12766200283471,10000,583,5.8
"zBRT_Jardim (1999)","zBRT","M_Jardim(1981-1994)","Jardim (1999)",0.01,0.44,"K",26630.2847439421,24561.5131914528,16367.2363176666,42312.2203469852,10000,583,5.8
"zBRT_Jardim (1999)","zBRT","M_Jardim(1981-1994)","Jardim (1999)",0.01,0.44,"M",0.603389139158759,0.601192567896511,0.492609080694537,0.73294430494319,10000,583,5.8
"zBRT_Jardim (1999)","zBRT","M_Jardim(1981-1994)","Jardim (1999)",0.01,0.44,"MSY",1736.97675732838,1747.04028803187,1486.15482280962,1921.97594838745,10000,583,5.8
"zBRT_Jardim (1999)","zBRT","M_Jardim(1981-1994)","Jardim (1999)",0.01,0.44,"OFLT1",2681.41002852484,2633.5259310489,1133.64214206327,4524.95749816064,10000,583,5.8
"zBRT_Jardim (1999)","zBRT","M_Jardim(1981-1994)","Jardim (1999)",0.01,0.44,"Umsy",0.253557821228128,0.246901892484016,0.150785416254066,0.391438102081193,10000,583,5.8
"zBRT_Santos (2018)","zBRT","M_Santos(2005-2018)","Santos (2018)",0.01,0.44,"Bmsy",7061.42370245073,6749.47556046328,4515.133693759,10635.7019477743,10000,529,5.3
"zBRT_Santos (2018)","zBRT","M_Santos(2005-2018)","Santos (2018)",0.01,0.44,"BmsyK",0.281383761382672,0.27502841682127,0.15670920082856,0.41905434609535,10000,529,5.3
"zBRT_Santos (2018)","zBRT","M_Santos(2005-2018)","Santos (2018)",0.01,0.44,"Brefyr",9117.81563474175,9140.97440061377,2990.82940866928,15394.5178420328,10000,529,5.3
"zBRT_Santos (2018)","zBRT","M_Santos(2005-2018)","Santos (2018)",0.01,0.44,"BtK",0.353121922359176,0.381173347659422,0.160084283987417,0.437944855166723,10000,529,5.3
"zBRT_Santos (2018)","zBRT","M_Santos(2005-2018)","Santos (2018)",0.01,0.44,"Fmsy",0.433330926776307,0.411274393203408,0.217147980045085,0.756228755739566,10000,529,5.3
"zBRT_Santos (2018)","zBRT","M_Santos(2005-2018)","Santos (2018)",0.01,0.44,"FmsyM",0.692690925209529,0.668481615250249,0.351335719081639,1.22867805144232,10000,529,5.3
"zBRT_Santos (2018)","zBRT","M_Santos(2005-2018)","Santos (2018)",0.01,0.44,"K",25970.6243948408,24425.6377990704,16268.7333321135,42894.8825362669,10000,529,5.3
"zBRT_Santos (2018)","zBRT","M_Santos(2005-2018)","Santos (2018)",0.01,0.44,"M",0.627418488963204,0.626060104305415,0.503453260745375,0.76646723328949,10000,529,5.3
"zBRT_Santos (2018)","zBRT","M_Santos(2005-2018)","Santos (2018)",0.01,0.44,"MSY",1747.07040867212,1759.62024436513,1443.0904151755,1937.59095610303,10000,529,5.3
"zBRT_Santos (2018)","zBRT","M_Santos(2005-2018)","Santos (2018)",0.01,0.44,"OFLT1",2707.34948251879,2710.85761373411,1024.60735551823,4579.98110655948,10000,529,5.3
"zBRT_Santos (2018)","zBRT","M_Santos(2005-2018)","Santos (2018)",0.01,0.44,"Umsy",0.262356696112947,0.258304268078602,0.147626242957658,0.409619191210546,10000,529,5.3
"zBRT_Vieira (2019)","zBRT","M_Vieira(1988-2018)","Vieira (2019)",0.01,0.44,"Bmsy",5890.9563988827,5702.58017443639,4046.07529124897,9209.64430961023,10000,304,3
"zBRT_Vieira (2019)","zBRT","M_Vieira(1988-2018)","Vieira (2019)",0.01,0.44,"BmsyK",0.261979853406871,0.255174615253338,0.140701351081359,0.377745424923705,10000,304,3
"zBRT_Vieira (2019)","zBRT","M_Vieira(1988-2018)","Vieira (2019)",0.01,0.44,"Brefyr",8495.38891158098,8771.73169055347,3170.93061042982,13741.3151624965,10000,304,3
"zBRT_Vieira (2019)","zBRT","M_Vieira(1988-2018)","Vieira (2019)",0.01,0.44,"BtK",0.36086308240691,0.39022967834323,0.159796211454461,0.438700396110579,10000,304,3
"zBRT_Vieira (2019)","zBRT","M_Vieira(1988-2018)","Vieira (2019)",0.01,0.44,"Fmsy",0.640966655629726,0.627302219676394,0.324561408951455,1.08920965140181,10000,304,3
"zBRT_Vieira (2019)","zBRT","M_Vieira(1988-2018)","Vieira (2019)",0.01,0.44,"FmsyM",0.697966521848182,0.691256272788123,0.381916788558463,1.13391807312215,10000,304,3
"zBRT_Vieira (2019)","zBRT","M_Vieira(1988-2018)","Vieira (2019)",0.01,0.44,"K",23511.6036961909,23571.6216746602,16083.7735743649,35930.3970053072,10000,304,3
"zBRT_Vieira (2019)","zBRT","M_Vieira(1988-2018)","Vieira (2019)",0.01,0.44,"M",0.917779414307515,0.914845378542368,0.756002031742999,1.12136789816247,10000,304,3
"zBRT_Vieira (2019)","zBRT","M_Vieira(1988-2018)","Vieira (2019)",0.01,0.44,"MSY",1797.42395943303,1791.01693109292,1577.99700842769,1951.85301680473,10000,304,3
"zBRT_Vieira (2019)","zBRT","M_Vieira(1988-2018)","Vieira (2019)",0.01,0.44,"OFLT1",3086.18371363862,3043.97836305213,1478.387924017,4905.56230029106,10000,304,3
"zBRT_Vieira (2019)","zBRT","M_Vieira(1988-2018)","Vieira (2019)",0.01,0.44,"Umsy",0.318515797282923,0.318734542993748,0.188314756303406,0.465489779565392,10000,304,3
"Target_switch_Jardim (1999)","Target_switch","M_Jardim(1981-1994)","Jardim (1999)",0.01,0.5,"Bmsy",7228.30182815129,6985.63588930894,4900.99166179981,10845.6741002374,10000,957,9.6
"Target_switch_Jardim (1999)","Target_switch","M_Jardim(1981-1994)","Jardim (1999)",0.01,0.5,"BmsyK",0.294248864668437,0.291791135780414,0.167070486708273,0.437749335509746,10000,957,9.6
"Target_switch_Jardim (1999)","Target_switch","M_Jardim(1981-1994)","Jardim (1999)",0.01,0.5,"Brefyr",10107.3919693205,9902.83957713377,4603.37978957487,16999.0351196943,10000,957,9.6
"Target_switch_Jardim (1999)","Target_switch","M_Jardim(1981-1994)","Jardim (1999)",0.01,0.5,"BtK",0.403600163657313,0.42616178996201,0.186103870893504,0.497391564666164,10000,957,9.6
"Target_switch_Jardim (1999)","Target_switch","M_Jardim(1981-1994)","Jardim (1999)",0.01,0.5,"Fmsy",0.418657273336138,0.395072374749537,0.225262096745988,0.689702212862714,10000,957,9.6
"Target_switch_Jardim (1999)","Target_switch","M_Jardim(1981-1994)","Jardim (1999)",0.01,0.5,"FmsyM",0.693003783944255,0.660896804990107,0.392576575278536,1.1280671308993,10000,957,9.6
"Target_switch_Jardim (1999)","Target_switch","M_Jardim(1981-1994)","Jardim (1999)",0.01,0.5,"K",25387.6027315303,24181.7959604294,16283.4903222492,41746.0482046926,10000,957,9.6
"Target_switch_Jardim (1999)","Target_switch","M_Jardim(1981-1994)","Jardim (1999)",0.01,0.5,"M",0.605188674811524,0.602271466330522,0.49787579225926,0.728379213860897,10000,957,9.6
"Target_switch_Jardim (1999)","Target_switch","M_Jardim(1981-1994)","Jardim (1999)",0.01,0.5,"MSY",1774.91673705702,1784.28371222526,1518.49688690687,1940.17315783232,10000,957,9.6
"Target_switch_Jardim (1999)","Target_switch","M_Jardim(1981-1994)","Jardim (1999)",0.01,0.5,"OFLT1",2937.72510418058,2948.57869330713,1147.06267216075,4759.27169540917,10000,957,9.6
"Target_switch_Jardim (1999)","Target_switch","M_Jardim(1981-1994)","Jardim (1999)",0.01,0.5,"Umsy",0.258210897985744,0.251200589105788,0.155548555352461,0.38072802873739,10000,957,9.6
"Target_switch_Santos (2018)","Target_switch","M_Santos(2005-2018)","Santos (2018)",0.01,0.5,"Bmsy",7104.67973349784,6909.16021221402,4534.71464114034,10789.0492075423,10000,923,9.2
"Target_switch_Santos (2018)","Target_switch","M_Santos(2005-2018)","Santos (2018)",0.01,0.5,"BmsyK",0.296480958820191,0.294603528585847,0.161609023418852,0.432512853191069,10000,923,9.2
"Target_switch_Santos (2018)","Target_switch","M_Santos(2005-2018)","Santos (2018)",0.01,0.5,"Brefyr",9887.05818513096,9700.1092906327,4165.36261246537,15745.4491996283,10000,923,9.2
"Target_switch_Santos (2018)","Target_switch","M_Santos(2005-2018)","Santos (2018)",0.01,0.5,"BtK",0.406937516790968,0.433134452808175,0.171260555501142,0.498195035824917,10000,923,9.2
"Target_switch_Santos (2018)","Target_switch","M_Santos(2005-2018)","Santos (2018)",0.01,0.5,"Fmsy",0.441005876821075,0.417119719929281,0.229509562774112,0.774833761795377,10000,923,9.2
"Target_switch_Santos (2018)","Target_switch","M_Santos(2005-2018)","Santos (2018)",0.01,0.5,"FmsyM",0.697575239773712,0.664389864027664,0.376041939346645,1.16502216977609,10000,923,9.2
"Target_switch_Santos (2018)","Target_switch","M_Santos(2005-2018)","Santos (2018)",0.01,0.5,"K",24640.6635574104,23689.4724238241,16322.7237727913,38759.0932050944,10000,923,9.2
"Target_switch_Santos (2018)","Target_switch","M_Santos(2005-2018)","Santos (2018)",0.01,0.5,"M",0.631784856713851,0.630692323882234,0.516924667008802,0.760687558200212,10000,923,9.2
"Target_switch_Santos (2018)","Target_switch","M_Santos(2005-2018)","Santos (2018)",0.01,0.5,"MSY",1784.38947545486,1794.76870347512,1525.42385410162,1945.52465793633,10000,923,9.2
"Target_switch_Santos (2018)","Target_switch","M_Santos(2005-2018)","Santos (2018)",0.01,0.5,"OFLT1",2951.27550700334,2949.50330560814,1240.42528437616,4551.54645824736,10000,923,9.2
"Target_switch_Santos (2018)","Target_switch","M_Santos(2005-2018)","Santos (2018)",0.01,0.5,"Umsy",0.265620587327312,0.259047906694299,0.155749548830463,0.410917397414881,10000,923,9.2
"Target_switch_Vieira (2019)","Target_switch","M_Vieira(1988-2018)","Vieira (2019)",0.01,0.5,"Bmsy",5989.02681888372,5732.41161076732,3976.6219158057,9097.52109585098,10000,594,5.9
"Target_switch_Vieira (2019)","Target_switch","M_Vieira(1988-2018)","Vieira (2019)",0.01,0.5,"BmsyK",0.273008701302018,0.275885911747011,0.150817210106433,0.380098568089483,10000,594,5.9
"Target_switch_Vieira (2019)","Target_switch","M_Vieira(1988-2018)","Vieira (2019)",0.01,0.5,"Brefyr",9203.10340809147,9140.75376951598,3756.47086849805,14106.8314423455,10000,594,5.9
"Target_switch_Vieira (2019)","Target_switch","M_Vieira(1988-2018)","Vieira (2019)",0.01,0.5,"BtK",0.412273787135076,0.440071344752759,0.178480568281074,0.497868236736533,10000,594,5.9
"Target_switch_Vieira (2019)","Target_switch","M_Vieira(1988-2018)","Vieira (2019)",0.01,0.5,"Fmsy",0.644052645363636,0.620539834412014,0.327214056058327,1.14496543936679,10000,594,5.9
"Target_switch_Vieira (2019)","Target_switch","M_Vieira(1988-2018)","Vieira (2019)",0.01,0.5,"FmsyM",0.705690902978427,0.679960658790244,0.367279135362594,1.19477610054016,10000,594,5.9
"Target_switch_Vieira (2019)","Target_switch","M_Vieira(1988-2018)","Vieira (2019)",0.01,0.5,"K",22620.7383186645,22580.9005280212,15501.4696361461,35736.1690871157,10000,594,5.9
"Target_switch_Vieira (2019)","Target_switch","M_Vieira(1988-2018)","Vieira (2019)",0.01,0.5,"M",0.911543501952997,0.910767628687738,0.735116766381212,1.09895526555816,10000,594,5.9
"Target_switch_Vieira (2019)","Target_switch","M_Vieira(1988-2018)","Vieira (2019)",0.01,0.5,"MSY",1819.55290033977,1823.74247477741,1601.34905899859,1958.95922109117,10000,594,5.9
"Target_switch_Vieira (2019)","Target_switch","M_Vieira(1988-2018)","Vieira (2019)",0.01,0.5,"OFLT1",3378.3292632701,3385.34974539161,1249.55424578639,5320.88448002758,10000,594,5.9
"Target_switch_Vieira (2019)","Target_switch","M_Vieira(1988-2018)","Vieira (2019)",0.01,0.5,"Umsy",0.319485937902353,0.319118129195926,0.190129158653225,0.477919623916281,10000,594,5.9
"Uninformative_bk_Jardim (1999)","Uninformative_bk","M_Jardim(1981-1994)","Jardim (1999)",0.01,1,"Bmsy",8119.76284190218,7491.85663516139,4837.79048735524,16071.3073793971,10000,2642,26.4
"Uninformative_bk_Jardim (1999)","Uninformative_bk","M_Jardim(1981-1994)","Jardim (1999)",0.01,1,"BmsyK",0.328518672646654,0.329543410700333,0.200867875164696,0.453847285694628,10000,2642,26.4
"Uninformative_bk_Jardim (1999)","Uninformative_bk","M_Jardim(1981-1994)","Jardim (1999)",0.01,1,"Brefyr",17483.243597999,14720.7425874015,7481.76396829838,46494.236621315,10000,2642,26.4
"Uninformative_bk_Jardim (1999)","Uninformative_bk","M_Jardim(1981-1994)","Jardim (1999)",0.01,1,"BtK",0.676949831358579,0.681702743796439,0.30488760793957,0.972820721125046,10000,2642,26.4
"Uninformative_bk_Jardim (1999)","Uninformative_bk","M_Jardim(1981-1994)","Jardim (1999)",0.01,1,"Fmsy",0.45128095858643,0.430479750816625,0.232129404572528,0.774682579348603,10000,2642,26.4
"Uninformative_bk_Jardim (1999)","Uninformative_bk","M_Jardim(1981-1994)","Jardim (1999)",0.01,1,"FmsyM",0.737604632001178,0.711739189121057,0.392706304508413,1.23345657884335,10000,2642,26.4
"Uninformative_bk_Jardim (1999)","Uninformative_bk","M_Jardim(1981-1994)","Jardim (1999)",0.01,1,"K",25335.2393377932,22566.7542079686,15784.5290703899,54630.2793503667,10000,2642,26.4
"Uninformative_bk_Jardim (1999)","Uninformative_bk","M_Jardim(1981-1994)","Jardim (1999)",0.01,1,"M",0.612023292488673,0.60910562171208,0.506923402101909,0.734924537822055,10000,2642,26.4
"Uninformative_bk_Jardim (1999)","Uninformative_bk","M_Jardim(1981-1994)","Jardim (1999)",0.01,1,"MSY",2115.92611318768,1937.0330076046,1686.76162231437,4145.43755607229,10000,2642,26.4
"Uninformative_bk_Jardim (1999)","Uninformative_bk","M_Jardim(1981-1994)","Jardim (1999)",0.01,1,"OFLT1",5046.76633665958,4419.61782358033,2013.44163126038,13147.593839816,10000,2642,26.4
"Uninformative_bk_Jardim (1999)","Uninformative_bk","M_Jardim(1981-1994)","Jardim (1999)",0.01,1,"Umsy",0.273466511728145,0.268034787286912,0.15832538343192,0.416494235660774,10000,2642,26.4
"Uninformative_bk_Santos (2018)","Uninformative_bk","M_Santos(2005-2018)","Santos (2018)",0.01,1,"Bmsy",7962.0747013397,7227.79883861049,4675.94876025661,15859.9738757268,10000,2608,26.1
"Uninformative_bk_Santos (2018)","Uninformative_bk","M_Santos(2005-2018)","Santos (2018)",0.01,1,"BmsyK",0.322275453670283,0.325037752375627,0.195042284580673,0.443870917239384,10000,2608,26.1
"Uninformative_bk_Santos (2018)","Uninformative_bk","M_Santos(2005-2018)","Santos (2018)",0.01,1,"Brefyr",17753.875054528,14548.6139587453,7655.49575751858,49667.9934230969,10000,2608,26.1
"Uninformative_bk_Santos (2018)","Uninformative_bk","M_Santos(2005-2018)","Santos (2018)",0.01,1,"BtK",0.683871787578277,0.688099282618996,0.334782097928733,0.972648977628557,10000,2608,26.1
"Uninformative_bk_Santos (2018)","Uninformative_bk","M_Santos(2005-2018)","Santos (2018)",0.01,1,"Fmsy",0.47380730431763,0.455667581667267,0.250659023964121,0.802022224664503,10000,2608,26.1
"Uninformative_bk_Santos (2018)","Uninformative_bk","M_Santos(2005-2018)","Santos (2018)",0.01,1,"FmsyM",0.755122617286848,0.724435353357936,0.418365211041743,1.25851831555241,10000,2608,26.1
"Uninformative_bk_Santos (2018)","Uninformative_bk","M_Santos(2005-2018)","Santos (2018)",0.01,1,"K",25343.1085855419,22453.116090925,15714.8149743412,56084.6300642537,10000,2608,26.1
"Uninformative_bk_Santos (2018)","Uninformative_bk","M_Santos(2005-2018)","Santos (2018)",0.01,1,"M",0.627965635824401,0.62647555136629,0.513749921729998,0.755679972367378,10000,2608,26.1
"Uninformative_bk_Santos (2018)","Uninformative_bk","M_Santos(2005-2018)","Santos (2018)",0.01,1,"MSY",2143.02920490257,1942.5006745497,1699.75620873122,4469.78598352605,10000,2608,26.1
"Uninformative_bk_Santos (2018)","Uninformative_bk","M_Santos(2005-2018)","Santos (2018)",0.01,1,"OFLT1",5263.527102558,4515.01620917612,2287.06100499488,13873.905537108,10000,2608,26.1
"Uninformative_bk_Santos (2018)","Uninformative_bk","M_Santos(2005-2018)","Santos (2018)",0.01,1,"Umsy",0.282606267850054,0.277663457325928,0.170245720125742,0.422304182711138,10000,2608,26.1
"Uninformative_bk_Vieira (2019)","Uninformative_bk","M_Vieira(1988-2018)","Vieira (2019)",0.01,1,"Bmsy",6944.48572632108,6242.13398849396,4169.09431922397,14975.5972774642,10000,1931,19.3
"Uninformative_bk_Vieira (2019)","Uninformative_bk","M_Vieira(1988-2018)","Vieira (2019)",0.01,1,"BmsyK",0.302659260136029,0.304660738105827,0.183589944294187,0.410415583150737,10000,1931,19.3
"Uninformative_bk_Vieira (2019)","Uninformative_bk","M_Vieira(1988-2018)","Vieira (2019)",0.01,1,"Brefyr",16846.1508809305,13956.8617986906,7609.88158127432,48581.1166824504,10000,1931,19.3
"Uninformative_bk_Vieira (2019)","Uninformative_bk","M_Vieira(1988-2018)","Vieira (2019)",0.01,1,"BtK",0.695961307384199,0.696571289365373,0.364285363980768,0.984047087078051,10000,1931,19.3
"Uninformative_bk_Vieira (2019)","Uninformative_bk","M_Vieira(1988-2018)","Vieira (2019)",0.01,1,"Fmsy",0.666742183776094,0.64226579866358,0.361252215225785,1.13532842098914,10000,1931,19.3
"Uninformative_bk_Vieira (2019)","Uninformative_bk","M_Vieira(1988-2018)","Vieira (2019)",0.01,1,"FmsyM",0.729589748098783,0.705197223791914,0.40315724160882,1.2142788087992,10000,1931,19.3
"Uninformative_bk_Vieira (2019)","Uninformative_bk","M_Vieira(1988-2018)","Vieira (2019)",0.01,1,"K",23529.161257471,20622.1200618198,15035.7604629975,54989.2950485339,10000,1931,19.3
"Uninformative_bk_Vieira (2019)","Uninformative_bk","M_Vieira(1988-2018)","Vieira (2019)",0.01,1,"M",0.914817348500503,0.909781954704992,0.747843529927964,1.10641503568772,10000,1931,19.3
"Uninformative_bk_Vieira (2019)","Uninformative_bk","M_Vieira(1988-2018)","Vieira (2019)",0.01,1,"MSY",2195.03891516242,1953.55292786602,1748.42858259255,4827.30630873137,10000,1931,19.3
"Uninformative_bk_Vieira (2019)","Uninformative_bk","M_Vieira(1988-2018)","Vieira (2019)",0.01,1,"OFLT1",5862.02902445213,4922.78337018288,2696.29547968949,16038.5537652688,10000,1931,19.3
"Uninformative_bk_Vieira (2019)","Uninformative_bk","M_Vieira(1988-2018)","Vieira (2019)",0.01,1,"Umsy",0.328727497064005,0.326722981947426,0.206948346490745,0.478716181515368,10000,1931,19.3
