"cenario_id","hipotese","m_hipotese","m_fonte","bk_lo","bk_hi","n_total","n_aceitos","pct_aceitacao"
"NN_CMSY_Jardim (1999)","NN_CMSY","M_Jardim(1981-1994)","Jardim (1999)",0.03,0.25,10000,125,1.2
"NN_CMSY_Santos (2018)","NN_CMSY","M_Santos(2005-2018)","Santos (2018)",0.03,0.25,10000,144,1.4
"NN_CMSY_Vieira (2019)","NN_CMSY","M_Vieira(1988-2018)","Vieira (2019)",0.03,0.25,10000,66,0.7
"zBRT_Jardim (1999)","zBRT","M_Jardim(1981-1994)","Jardim (1999)",0.01,0.44,10000,583,5.8
"zBRT_Santos (2018)","zBRT","M_Santos(2005-2018)","Santos (2018)",0.01,0.44,10000,529,5.3
"zBRT_Vieira (2019)","zBRT","M_Vieira(1988-2018)","Vieira (2019)",0.01,0.44,10000,304,3
"Target_switch_Jardim (1999)","Target_switch","M_Jardim(1981-1994)","Jardim (1999)",0.01,0.5,10000,957,9.6
"Target_switch_Santos (2018)","Target_switch","M_Santos(2005-2018)","Santos (2018)",0.01,0.5,10000,923,9.2
"Target_switch_Vieira (2019)","Target_switch","M_Vieira(1988-2018)","Vieira (2019)",0.01,0.5,10000,594,5.9
"Uninformative_bk_Jardim (1999)","Uninformative_bk","M_Jardim(1981-1994)","Jardim (1999)",0.01,1,10000,2642,26.4
"Uninformative_bk_Santos (2018)","Uninformative_bk","M_Santos(2005-2018)","Santos (2018)",0.01,1,10000,2608,26.1
"Uninformative_bk_Vieira (2019)","Uninformative_bk","M_Vieira(1988-2018)","Vieira (2019)",0.01,1,10000,1931,19.3
